Workbook

Sheet TASKS & INFO
A1: TASKS | B1: gen | C1: mcq | D1: Progress | E1: Concern
A2: Composition
A3: Diacritics (33% 2 diacritic, 33% 1, 33% 0) | B3: replace composition_gen > "diacritic" ok -- prompt ready | C3: use old dataset -- QCed: https://github.com/raileymontalan/pacute-bench/blob/main/data/benchmarks/composition_mcq.jsonl | D3: ok
A4: Uppercasing (33% >=2 uppercase, 33% 1, 33% 0) | B4: replace composition_gen > "uppercase" ok -- prompt ready | C4: "prompts":[{"text_en":"Which option contains exactly 1 \"K\" character\/s?","text_tl":"Alin sa sumusunod ang naglalaman ng eksaktong 1 titik na \"K\"?","mcq_options":{"correct":"Katipúnan","incorrect1":"katipúnan","incorrect2":"Kalát","incorrect3":"Kambíng"},"choice1":"katipúnan","choice2":"Kambíng","choice3":"Kalát","choice4":"Katipúnan"}] | D4: ok
A5: Character Counting | B5: replace composition_gen > "character_counting"
A6: Character Recognition | B6: replace composition_gen > "character_recognition"
A7: Morphological Extraction
A8: Inflected affix extraction (namula -> na) | B8: will replace affixation_gen > "affix_identification" | C8: TODO: correct, automate two, add one distractor | D8: ok
A9: Inflected root extraction (namula -> pula) | B9: new | D9: affix extraction dataset can double for root extraction | E9: should this be a different dataset?
A10: Reduplicated root extraction: 50% partial, 50% full (pupunta -> punta) | B10: new | D10: ok | E10: adjusted split to have more partial. it is more challenging to extract partial because of morpophonemic changes
A11: Reduplicant extraction: 100% partial (pupunta -> pu) | B11: remove syllabification_gen > "reduplication_identification" to replace with this new task under morphological_extraction | C11: remove syllabification_mcq > "reduplication_detection" to replace with this new task under morphologial_extraction Example prompt format -- "prompts": [{"text_en": "Which word has CV-reduplication (first consonant-vowel repeated)?", "text_tl": "Alin ang may uulit-pantig (inuulit ang unang katinig-patinig)?", "mcq_options": {"correct": "dibdib", "incorrect1": "nawa", "incorrect2": "tubog", "incorrect3": "banal"}}], "label": null, "id": "syllabification_mcq_00256"}
A12: Morphological Production
A13: Inflected form production (pula + na- -> namula) | B13: review Lance's gen > production (production_gen_00000 --> production_gen_00249) | E13: lapi -> panlapi
A14: Reduplicated form production (punta + future aspect -> pupunta) | B14: review Lance's gen > production (production_gen_00250 --> production_gen_00299)
A16: INFO
A17: Morphological Extraction (Inflection Tasks)
A18: Currently: 40 infix, suffix, prefix; 20 circumfix
A19: Reasonable goal: 40 infix, suffix, prefix; 20 circumfix with assimilation, phoneme change, metatesis, phoneme deletion
A30: Mga Pagbabagong Morpoponemiko
A31: Source: Makabagong Balarilang Filipino (Santiago & Tiangco, 2003)
A32: ID | B32: Transformation | C32: Description | D32: Applicability | E32: Illustration | G32: Count | H32: Affixes | I32: Affixes 2
A33: 1 | B33: Asimilasyon | C33: Nagbabago ang ponemang /ng/ at nagiging /m/, /n/, o nananatiling /ng/ | D33: prefix
A34: 1.1 | B34: Asimilasyong Di-Ganap (Partial Assimilation) | C34: Asimilasyon kung saan hindi nagbabago ang nilalapiang salita. | E34: pang + paaralan = pampaaralan | G34: 10 prefix | H34: hing-, ikang-, ikapakapang-, ikapang-, ipagkang-, ipang-, kasing-, magkang-, mang-, mapang-, nang-, pang-, sang- | I34: /
A35: 1.2 | B35: Asimilasyong Ganap | C35: Asimilasyon kung saan nawawala ang unang ponema ng nilalapiang salita. | E35: pang + palo = pampalo => pamalo | G35: 10 prefix | H35: hing-, ikang-, ikapakapang-, ikapang-, ipagkang-, ipang-, kasing-, magkang-, mang-, mapang-, pang-, sang- | I35: /
A36: 2 | B36: Pagpapalit ng Ponema | C36: Napapalitan ang ponema dahil sa pagbabago ng salita (hal., paglalapi) | D36: prefix, suffix | E36: ma + dapat = marapat tawa + han = tawanan | G36: 10 prefix, 20 suffix | H36: ikapa-, ikapagka-, ikapagpaka-, ikapakipa-, ka-, kaka-, ma-, mana-, mangagpa-, mangagsipagpa-, mapa-, mapaka-, mapasa-, maga-, na-, nagka-, nagpa-, nagpaka-, nagsa-, nakapagpa-, nakapagpaka-, napaka-, napasa-, pagka-, pagpapa-, pagpapaka-, pagsasa-, pampa-, pasa-, pasasa-, pina-, pinaka-, sa- | I36: /
A37: 3 | B37: Metatesis | C37: Kapag ang salitang-ugat na nagsisimula sa /l/ o /y/ ay ginitlapian ng [-in-], nagpapalit ng posisyon ang /l/ o /y/ at ang /n/ ng gitlapi | D37: infix | E37: in + lipad = nilipad | G37: 30 infix
A38: 4 | B38: Pagkakaltas ng Ponema | C38: Nawawala ng ponemang patinig ng huling pantig ng salitang nilalapian pag nilagyan ng hulapi. | D38: suffix | E38: takip + an = takpan | G38: 10 suffix
A41: Reduplication Reference
A42: https://soologua.wordpress.com/wp-content/uploads/2016/03/reduplication-in-tagalog-verbs.pdf
A43: https://www.jstor.org/stable/288967?seq=4
A44: https://www.urp.udel.edu/wp-content/uploads/2017/08/Tagalog-Phonology.pdf

Sheet morphological_extraction
A1: word | B1: root_word | C1: affix | D1: affix_alternate | E1: affix_type | F1: subtype
A2: mambola | B2: bola | C2: mang- | E2: prefix | F2: partial assimilation (prefix)
A3: mandaya | B3: daya | C3: mang- | E3: prefix | F3: partial assimilation (prefix)
A4: mapanlamang | B4: lamang | C4: mapang- | E4: prefix | F4: partial assimilation (prefix)
A5: pambansa | B5: bansa | C5: pang- | E5: prefix | F5: partial assimilation (prefix)
A6: pampito | B6: pito | C6: pang- | E6: prefix | F6: partial assimilation (prefix)
A7: nanlaban | B7: laban | C7: nang- | E7: prefix | F7: partial assimilation (prefix)
A8: ipampinta | B8: pinta | C8: nang- | E8: prefix | F8: partial assimilation (prefix)
A9: ipantapal | B9: tapal | C9: ipang- | E9: prefix | F9: partial assimilation (prefix)
A10: simbait | B10: bait | C10: sing- | E10: prefix | F10: partial assimilation (prefix)
A11: sintibay | B11: tibay | C11: sing- | E11: prefix | F11: partial assimilation (prefix)
A12: panguha | B12: kuha | C12: pang- | E12: prefix | F12: full assimilation (prefix)
A13: panabas | B13: tabas | C13: pang- | E13: prefix | F13: full assimilation (prefix)
... A64: sabugan | B64: sabog | C64: -an | E64: suffix | F64: phoneme change (suffix)
A65: batuhin | B65: bato | C65: -hin | D65: -in | E65: suffix | F65: phoneme change (suffix)
A66: sikuhin | B66: siko | C66: -hin | D66: -in | E66: suffix | F66: phoneme change (suffix)
A67: puruhan | B67: puro | C67: -han | D67: -an | E67: suffix | F67: phoneme change (suffix)
A68: baguhin | B68: bago | C68: -hin | D68: -in | E68: suffix | F68: phoneme change (suffix)
A69: uluhan | B69: ulo | C69: -han | D69: -an | E69: suffix | F69: phoneme change (suffix)
A70: guluhin | B70: gulo | C70: -hin | D70: -in | E70: suffix | F70: phoneme change (suffix)
A71: tawanan | B71: tawa | C71: -han | D71: -an | E71: suffix | F71: phoneme change (suffix)
A72: takpan | B72: takip | C72: -an | E72: suffix | F72: phoneme deletion (suffix)
A73: saktan | B73: sakit | C73: -an | E73: suffix | F73: phoneme deletion (suffix)
A74: buksan | B74: bukas | C74: -an | E74: suffix | F74: phoneme deletion (suffix)
A75: sundin | B75: sunod | C75: -in | E75: suffix | F75: phoneme deletion (suffix)
A76: tupdin | B76: tupad | C76: -in | E76: suffix | F76: phoneme deletion (suffix)
A77: bigyan | B77: bigay | C77: -an | E77: suffix | F77: phoneme deletion (suffix)
A78: dinggin | B78: dinig | C78: -in | E78: suffix | F78: phoneme deletion (suffix)
A79: lagyan | B79: lagay | C79: -an | E79: suffix | F79: phoneme deletion (suffix)
A80: tikman | B80: tikim | C80: -an | E80: suffix | F80: phoneme deletion (suffix)
A81: bilhin | B81: bili | C81: -hin | D81: -in | E81: suffix | F81: phoneme deletion (suffix)
A82: takasan | B82: takas | C82: -an | E82: suffix | F82: regular inflection
A83: labanan | B83: laban | C83: -an | E83: suffix | F83: regular inflection
A84: sulatan | B84: sulat | C84: -an | E84: suffix | F84: regular inflection
A85: titigan | B85: titig | C85: -an | E85: suffix | F85: regular inflection
A86: awitan | B86: awit | C86: -an | E86: suffix | F86: regular inflection
A87: asahan | B87: asa | C87: -han | D87: -an | E87: suffix | F87: regular inflection
A88: abonohan | B88: abono | C88: -han | D88: -an | E88: suffix | F88: regular inflection
A89: suportahan | B89: suporta | C89: -han | D89: -an | E89: suffix | F89: regular inflection
A90: agahan | B90: aga | C90: -han | D90: -an | E90: suffix | F90: regular inflection
A91: gandahan | B91: ganda | C91: -han | D91: -an | E91: suffix | F91: regular inflection
A92: alisin | B92: alis | C92: -in | E92: suffix | F92: regular inflection
A93: walisin | B93: walis | C93: -in | E93: suffix | F93: regular inflection
A94: galawin | B94: galaw | C94: -in | E94: suffix | F94: regular inflection
A95: langgamin | B95: langgam | C95: -in | E95: suffix | F95: regular inflection
A96: buhayin | B96: buhay | C96: -in | E96: suffix | F96: regular inflection
A97: sisihin | B97: sisi | C97: -hin | D97: -in | E97: suffix | F97: regular inflection
A98: sabihin | B98: sabi | C98: -hin | D98: -in | E98: suffix | F98: regular inflection
A99: punahin | B99: puna | C99: -hin | D99: -in | E99: suffix | F99: regular inflection
A100: tablahin | B100: tabla | C100: -hin | D100: -in | E100: suffix | F100: regular inflection
A101: unahin | B101: una | C101: -hin | D101: -in | E101: suffix | F101: regular inflection
A102: nilipad | B102: lipad | C102: -in- | E102: infix | F102: metathesis (infix)
A103: nilangaw | B103: langaw | C103: -in- | E103: infix | F103: metathesis (infix)
A104: nilibot | B104: libot | C104: -in- | E104: infix | F104: metathesis (infix)
A105: nilisan | B105: lisan | C105: -in- | E105: infix | F105: metathesis (infix)
A106: nilito | B106: lito | C106: -in- | E106: infix | F106: metathesis (infix)
A107: nilagay | B107: lagay | C107: -in- | E107: infix | F107: metathesis (infix)
A108: nilason | B108: lason | C108: -in- | E108: infix | F108: metathesis (infix)
A109: niluklok | B109: luklok | C109: -in- | E109: infix | F109: metathesis (infix)
A110: niloko | B110: loko | C110: -in- | E110: infix | F110: metathesis (infix)
A111: nilagari | B111: lagari | C111: -in- | E111: infix | F111: metathesis (infix)
A112: nilatigo | B112: latigo | C112: -in- | E112: infix | F112: metathesis (infix)
A113: nilaban | B113: laban | C113: -in- | E113: infix | F113: metathesis (infix)
... A160: nakipagsagutan | B160: sagot | C160: nakipag-+-an | E160: circumfix | F160: phoneme change (suffix)
A161: makipag-unahan | B161: una | C161: makipag-+-han | D161: makipag-+-an | E161: circumfix | F161: regular inflection
A162: makipagpalitan | B162: palit | C162: makipag-+-an | E162: circumfix | F162: regular inflection
A163: makipagsapakan | B163: sapak | C163: makipag-+-an | E163: circumfix | F163: regular inflection
A164: malaman | B164: alam | C164: ma-+-an | E164: circumfix | F164: phoneme deletion (prefix)
A165: matutuhan | B165: tuto | C165: ma-+-han | D165: ma-+-an | E165: circumfix | F165: phoneme change (suffix)
A166: patulugin | B166: tulog | C166: pa-+-in | E166: circumfix | F166: phoneme change (suffix)
A167: papasukin | B167: pasok | C167: pa-+-in | E167: circumfix | F167: phoneme change (suffix)
A168: paglinisin | B168: linis | C168: pag-+-in | E168: circumfix | F168: regular inflection
A169: pag-aralin | B169: aral | C169: pag-+-in | E169: circumfix | F169: regular inflection
A170: palakasan | B170: lakas | C170: pa-+-an | E170: circumfix | F170: regular inflection
A171: patawagan | B171: tawag | C171: pa-+-an | E171: circumfix | F171: regular inflection
A172: sinulatan | B172: sulat | C172: -in-+-an | E172: infix & suffix | F172: regular inflection
A173: dinampian | B173: dampi | C173: -in-+-an | E173: infix & suffix | F173: regular inflection
A174: pinayungan | B174: payong | C174: -in-+-an | E174: infix & suffix | F174: phoneme change (suffix)
A175: niyurakan | B175: yurak | C175: -in-+-an | E175: infix & suffix | F175: metathesis (infix)
A176: nilapitan | B176: lapit | C176: -in-+-an | E176: infix & suffix | F176: metathesis (infix)
A177: hinawahan | B177: hawa | C177: -in-+-han | D177: -in-+-an | E177: infix & suffix | F177: regular inflection
A178: pinuntahan | B178: punta | C178: -in-+-han | D178: -in-+-an | E178: infix & suffix | F178: regular inflection
A179: nilabahan | B179: laba | C179: -in-+-han | D179: -in-+-an | E179: infix & suffix | F179: metathesis (infix)
A180: inayusan | B180: ayos | C180: -in-+-han | D180: -in-+-an | E180: infix & suffix | F180: phoneme change (suffix)
A181: niregaluhan | B181: regalo | C181: -in-+-han | D181: -in-+-an | E181: infix & suffix | F181: metathesis (infix), phoneme change (suffix)
A182: magsumikap | B182: sikap | C182: mag-+-um- | E182: prefix & infix | F182: regular inflection
A183: magpumilit | B183: pilit | C183: mag-+-um- | E183: prefix & infix | F183: regular inflection
A184: magpumiglas | B184: piglas | C184: mag-+-um- | E184: prefix & infix | F184: regular inflection
A185: magkumahog | B185: kahog | C185: mag-+-um- | E185: prefix & infix | F185: regular inflection
A186: magsumamo | B186: samo | C186: mag-+-um- | E186: prefix & infix | F186: regular inflection
A187: nagsumikap | B187: sikap | C187: nag-+-um- | E187: prefix & infix | F187: regular inflection
A188: nagpumilit | B188: pilit | C188: nag-+-um- | E188: prefix & infix | F188: regular inflection
A189: nagpumiglas | B189: piglas | C189: nag-+-um- | E189: prefix & infix | F189: regular inflection
A190: nagkumahog | B190: kahog | C190: nag-+-um- | E190: prefix & infix | F190: regular inflection
A191: nagsumamo | B191: samo | C191: nag-+-um- | E191: prefix & infix | F191: regular inflection

Sheet diacritics
A1: category | B1: subcategory | C1: text_en | D1: text_tl | E1: label | F1: id | G1: diacritized_word | H1: normalized_form | I1: diacritics_count
A2: composition | B2: diacritics | C2: ="How many diacritized vowels are in the word " & "\" & """" & G2 & "\" & """" & "?" -> How many diacritized vowels are in the word \"at\"? | D2: ="Ilang patinig ang mayroong tuldik sa salitang " & "\" & """" & G2 & "\" & """" & "?" -> Ilang patinig ang mayroong tuldik sa salitang \"at\"? | E2: =I2 -> 0 | F2: composition_diacritics_00000 | G2: at | H2: at | I2: 0
A3: composition | B3: diacritics | C3: ="How many diacritized vowels are in the word " & "\" & """" & G3 & "\" & """" & "?" -> How many diacritized vowels are in the word \"mo\"? | D3: ="Ilang patinig ang mayroong tuldik sa salitang " & "\" & """" & G3 & "\" & """" & "?" -> Ilang patinig ang mayroong tuldik sa salitang \"mo\"? | E3: =I3 -> 0 | F3: composition_diacritics_00001 | G3: mo | H3: mo | I3: 0
A4: composition | B4: diacritics | C4: ="How many diacritized vowels are in the word " & "\" & """" & G4 & "\" & """" & "?" -> How many diacritized vowels are in the word \"ko\"? | D4: ="Ilang patinig ang mayroong tuldik sa salitang " & "\" & """" & G4 & "\" & """" & "?" -> Ilang patinig ang mayroong tuldik sa salitang \"ko\"? | E4: =I4 -> 0 | F4: composition_diacritics_00002 | G4: ko | H4: ko | I4: 0
A5: composition | B5: diacritics | C5: ="How many diacritized vowels are in the word " & "\" & """" & G5 & "\" & """" & "?" -> How many diacritized vowels are in the word \"ng\"? | D5: ="Ilang patinig ang mayroong tuldik sa salitang " & "\" & """" & G5 & "\" & """" & "?" -> Ilang patinig ang mayroong tuldik sa salitang \"ng\"? | E5: =I5 -> 0 | F5: composition_diacritics_00003 | G5: ng | H5: ng | I5: 0
A6: composition | B6: diacritics | C6: ="How many diacritized vowels are in the word " & "\" & """" & G6 & "\" & """" & "?" -> How many diacritized vowels are in the word \"ang\"? | D6: ="Ilang patinig ang mayroong tuldik sa salitang " & "\" & """" & G6 & "\" & """" & "?" -> Ilang patinig ang mayroong tuldik sa salitang \"ang\"? | E6: =I6 -> 0 | F6: composition_diacritics_00004 | G6: ang | H6: ang | I6: 0
A7: composition | B7: diacritics | C7: ="How many diacritized vowels are in the word " & "\" & """" & G7 & "\" & """" & "?" -> How many diacritized vowels are in the word \"sa\"? | D7: ="Ilang patinig ang mayroong tuldik sa salitang " & "\" & """" & G7 & "\" & """" & "?" -> Ilang patinig ang mayroong tuldik sa salitang \"sa\"? | E7: =I7 -> 0 | F7: composition_diacritics_00005 | G7: sa | H7: sa | I7: 0
A8: composition | B8: diacritics | C8: ="How many diacritized vowels are in the word " & "\" & """" & G8 & "\" & """" & "?" -> How many diacritized vowels are in the word \"pa\"? | D8: ="Ilang patinig ang mayroong tuldik sa salitang " & "\" & """" & G8 & "\" & """" & "?" -> Ilang patinig ang mayroong tuldik sa salitang \"pa\"? | E8: =I8 -> 0 | F8: composition_diacritics_00006 | G8: pa | H8: pa | I8: 0
A9: composition | B9: diacritics | C9: ="How many diacritized vowels are in the word " & "\" & """" & G9 & "\" & """" & "?" -> How many diacritized vowels are in the word \"ka\"? | D9: ="Ilang patinig ang mayroong tuldik sa salitang " & "\" & """" & G9 & "\" & """" & "?" -> Ilang patinig ang mayroong tuldik sa salitang \"ka\"? | E9: =I9 -> 0 | F9: composition_diacritics_00007 | G9: ka | H9: ka | I9: 0
A10: composition | B10: diacritics | C10: ="How many diacritized vowels are in the word " & "\" & """" & G10 & "\" & """" & "?" -> How many diacritized vowels are in the word \"kung\"? | D10: ="Ilang patinig ang mayroong tuldik sa salitang " & "\" & """" & G10 & "\" & """" & "?" -> Ilang patinig ang mayroong tuldik sa salitang \"kung\"? | E10: =I10 -> 0 | F10: composition_diacritics_00008 | G10: kung | H10: kung | I10: 0
A11: composition | B11: diacritics | C11: ="How many diacritized vowels are in the word " & "\" & """" & G11 & "\" & """" & "?" -> How many diacritized vowels are in the word \"ba\"? | D11: ="Ilang patinig ang mayroong tuldik sa salitang " & "\" & """" & G11 & "\" & """" & "?" -> Ilang patinig ang mayroong tuldik sa salitang \"ba\"? | E11: =I11 -> 0 | F11: composition_diacritics_00009 | G11: ba | H11: ba | I11: 0
A12: composition | B12: diacritics | C12: ="How many diacritized vowels are in the word " & "\" & """" & G12 & "\" & """" & "?" -> How many diacritized vowels are in the word \"beyk\"? | D12: ="Ilang patinig ang mayroong tuldik sa salitang " & "\" & """" & G12 & "\" & """" & "?" -> Ilang patinig ang mayroong tuldik sa salitang \"beyk\"? | E12: =I12 -> 0 | F12: composition_diacritics_00010 | G12: beyk | H12: beyk | I12: 0
A13: composition | B13: diacritics | C13: ="How many diacritized vowels are in the word " & "\" & """" & G13 & "\" & """" & "?" -> How many diacritized vowels are in the word \"bus\"? | D13: ="Ilang patinig ang mayroong tuldik sa salitang " & "\" & """" & G13 & "\" & """" & "?" -> Ilang patinig ang mayroong tuldik sa salitang \"bus\"? | E13: =I13 -> 0 | F13: composition_diacritics_00011 | G13: bus | H13: bus | I13: 0
... A168: composition | B168: diacritics | C168: ="How many diacritized vowels are in the word " & "\" & """" & G168 & "\" & """" & "?" -> How many diacritized vowels are in the word \"pawálang-bisà\"? | D168: ="Ilang patinig ang mayroong tuldik sa salitang " & "\" & """" & G168 & "\" & """" & "?" -> Ilang patinig ang mayroong tuldik sa salitang \"pawálang-bisà\"? | E168: =I168 -> 2 | F168: composition_diacritics_00166 | G168: pawálang-bisà | H168: pawalang-bisa | I168: 2

Sheet uppercasing
A1: category | B1: subcategory | C1: text_en | D1: text_tl | E1: label | F1: id | G1: word | H1: normalized_form | I1: uppercase_count
A2: composition | B2: uppercase | C2: ="How many uppercase letters are in the word " & "\" & """" & G2 & "\" & """" & "?" -> How many uppercase letters are in the word \"do-om\"? | D2: ="Ilang malaking titik ang mayroon sa salitang " & "\" & """" & G2 & "\" & """" & "?" -> Ilang malaking titik ang mayroon sa salitang \"do-om\"? | E2: =I2 -> 0 | F2: composition_uppercase_00000 | G2: do-om | H2: do-om | I2: 0
A3: composition | B3: uppercase | C3: ="How many uppercase letters are in the word " & "\" & """" & G3 & "\" & """" & "?" -> How many uppercase letters are in the word \"pidot\"? | D3: ="Ilang malaking titik ang mayroon sa salitang " & "\" & """" & G3 & "\" & """" & "?" -> Ilang malaking titik ang mayroon sa salitang \"pidot\"? | E3: =I3 -> 0 | F3: composition_uppercase_00001 | G3: pidot | H3: pidot | I3: 0
A4: composition | B4: uppercase | C4: ="How many uppercase letters are in the word " & "\" & """" & G4 & "\" & """" & "?" -> How many uppercase letters are in the word \"longhand\"? | D4: ="Ilang malaking titik ang mayroon sa salitang " & "\" & """" & G4 & "\" & """" & "?" -> Ilang malaking titik ang mayroon sa salitang \"longhand\"? | E4: =I4 -> 0 | F4: composition_uppercase_00002 | G4: longhand | H4: longhand | I4: 0
A5: composition | B5: uppercase | C5: ="How many uppercase letters are in the word " & "\" & """" & G5 & "\" & """" & "?" -> How many uppercase letters are in the word \"multikolor\"? | D5: ="Ilang malaking titik ang mayroon sa salitang " & "\" & """" & G5 & "\" & """" & "?" -> Ilang malaking titik ang mayroon sa salitang \"multikolor\"? | E5: =I5 -> 0 | F5: composition_uppercase_00003 | G5: multikolor | H5: multikolor | I5: 0
A6: composition | B6: uppercase | C6: ="How many uppercase letters are in the word " & "\" & """" & G6 & "\" & """" & "?" -> How many uppercase letters are in the word \"mamulubi\"? | D6: ="Ilang malaking titik ang mayroon sa salitang " & "\" & """" & G6 & "\" & """" & "?" -> Ilang malaking titik ang mayroon sa salitang \"mamulubi\"? | E6: =I6 -> 0 | F6: composition_uppercase_00004 | G6: mamulubi | H6: mamulubi | I6: 0
A7: composition | B7: uppercase | C7: ="How many uppercase letters are in the word " & "\" & """" & G7 & "\" & """" & "?" -> How many uppercase letters are in the word \"inosente\"? | D7: ="Ilang malaking titik ang mayroon sa salitang " & "\" & """" & G7 & "\" & """" & "?" -> Ilang malaking titik ang mayroon sa salitang \"inosente\"? | E7: =I7 -> 0 | F7: composition_uppercase_00005 | G7: inosente | H7: inosente | I7: 0
A8: composition | B8: uppercase | C8: ="How many uppercase letters are in the word " & "\" & """" & G8 & "\" & """" & "?" -> How many uppercase letters are in the word \"sensum\"? | D8: ="Ilang malaking titik ang mayroon sa salitang " & "\" & """" & G8 & "\" & """" & "?" -> Ilang malaking titik ang mayroon sa salitang \"sensum\"? | E8: =I8 -> 0 | F8: composition_uppercase_00006 | G8: sensum | H8: sensum | I8: 0
A9: composition | B9: uppercase | C9: ="How many uppercase letters are in the word " & "\" & """" & G9 & "\" & """" & "?" -> How many uppercase letters are in the word \"odontolohiya\"? | D9: ="Ilang malaking titik ang mayroon sa salitang " & "\" & """" & G9 & "\" & """" & "?" -> Ilang malaking titik ang mayroon sa salitang \"odontolohiya\"? | E9: =I9 -> 0 | F9: composition_uppercase_00007 | G9: odontolohiya | H9: odontolohiya | I9: 0
A10: composition | B10: uppercase | C10: ="How many uppercase letters are in the word " & "\" & """" & G10 & "\" & """" & "?" -> How many uppercase letters are in the word \"hoyang\"? | D10: ="Ilang malaking titik ang mayroon sa salitang " & "\" & """" & G10 & "\" & """" & "?" -> Ilang malaking titik ang mayroon sa salitang \"hoyang\"? | E10: =I10 -> 0 | F10: composition_uppercase_00008 | G10: hoyang | H10: hoyang | I10: 0
A11: composition | B11: uppercase | C11: ="How many uppercase letters are in the word " & "\" & """" & G11 & "\" & """" & "?" -> How many uppercase letters are in the word \"norm\"? | D11: ="Ilang malaking titik ang mayroon sa salitang " & "\" & """" & G11 & "\" & """" & "?" -> Ilang malaking titik ang mayroon sa salitang \"norm\"? | E11: =I11 -> 0 | F11: composition_uppercase_00009 | G11: norm | H11: norm | I11: 0
A12: composition | B12: uppercase | C12: ="How many uppercase letters are in the word " & "\" & """" & G12 & "\" & """" & "?" -> How many uppercase letters are in the word \"talisayan\"? | D12: ="Ilang malaking titik ang mayroon sa salitang " & "\" & """" & G12 & "\" & """" & "?" -> Ilang malaking titik ang mayroon sa salitang \"talisayan\"? | E12: =I12 -> 0 | F12: composition_uppercase_00010 | G12: talisayan | H12: talisayan | I12: 0
A13: composition | B13: uppercase | C13: ="How many uppercase letters are in the word " & "\" & """" & G13 & "\" & """" & "?" -> How many uppercase letters are in the word \"iwit\"? | D13: ="Ilang malaking titik ang mayroon sa salitang " & "\" & """" & G13 & "\" & """" & "?" -> Ilang malaking titik ang mayroon sa salitang \"iwit\"? | E13: =I13 -> 0 | F13: composition_uppercase_00011 | G13: iwit | H13: iwit | I13: 0
... A269: composition | B269: uppercase | C269: ="How many uppercase letters are in the word " & "\" & """" & G269 & "\" & """" & "?" -> How many uppercase letters are in the word \"Holy City\"? | D269: ="Ilang malaking titik ang mayroon sa salitang " & "\" & """" & G269 & "\" & """" & "?" -> Ilang malaking titik ang mayroon sa salitang \"Holy City\"? | E269: =I269 -> 2 | F269: composition_uppercase_00267 | G269: Holy City | H269: holy city | I269: 2

Sheet character_counting
A1: category | B1: subcategory | C1: subcategory2 | D1: text_en | E1: text_tl | F1: label | G1: id | H1: word | I1: word_x
A2: composition | B2: character_counting | C2: regular | D2: How many letters are in the word \"gabi-gabi\"? | E2: Ilang titik mayroon ang salitang \"gabi-gabi\"? | F2: 8 | G2: composition_character_counting_00001 | H2: gabi-gabi | I2: =SUBSTITUTE(SUBSTITUTE(H2,"-",""),"ng","x") -> gabigabi | J2: =IF(COUNTIF(H:H, H2)>1,"Duplicate","Unique") -> Unique
A3: composition | B3: character_counting | C3: regular | D3: ="How many letters are in the word " & "\" & """" &H3 & "\" & """" & "?""" -> How many letters are in the word \"nagsipagwasiwas\"?" | E3: ="Ilang titik mayroon ang salitang " & "\" & """" &H3 & "\" & """" & "?""" -> Ilang titik mayroon ang salitang \"nagsipagwasiwas\"?" | F3: 15 | G3: composition_character_counting_00002 | H3: nagsipagwasiwas | I3: =SUBSTITUTE(SUBSTITUTE(H3,"-",""),"ng","x") -> nagsipagwasiwas | J3: =IF(COUNTIF(H:H, H3)>1,"Duplicate","Unique") -> Unique
A4: composition | B4: character_counting | C4: regular | D4: ="How many letters are in the word " & "\" & """" &H4 & "\" & """" & "?""" -> How many letters are in the word \"niliguyan\"?" | E4: ="Ilang titik mayroon ang salitang " & "\" & """" &H4 & "\" & """" & "?""" -> Ilang titik mayroon ang salitang \"niliguyan\"?" | F4: 9 | G4: composition_character_counting_00003 | H4: niliguyan | I4: =SUBSTITUTE(SUBSTITUTE(H4,"-",""),"ng","x") -> niliguyan | J4: =IF(COUNTIF(H:H, H4)>1,"Duplicate","Unique") -> Unique
A5: composition | B5: character_counting | C5: regular | D5: ="How many letters are in the word " & "\" & """" &H5 & "\" & """" & "?""" -> How many letters are in the word \"pakikihithit\"?" | E5: ="Ilang titik mayroon ang salitang " & "\" & """" &H5 & "\" & """" & "?""" -> Ilang titik mayroon ang salitang \"pakikihithit\"?" | F5: 12 | G5: composition_character_counting_00004 | H5: pakikihithit | I5: =SUBSTITUTE(SUBSTITUTE(H5,"-",""),"ng","x") -> pakikihithit | J5: =IF(COUNTIF(H:H, H5)>1,"Duplicate","Unique") -> Unique
A6: composition | B6: character_counting | C6: regular | D6: ="How many letters are in the word " & "\" & """" &H6 & "\" & """" & "?""" -> How many letters are in the word \"tigdalawa\"?" | E6: ="Ilang titik mayroon ang salitang " & "\" & """" &H6 & "\" & """" & "?""" -> Ilang titik mayroon ang salitang \"tigdalawa\"?" | F6: 9 | G6: composition_character_counting_00005 | H6: tigdalawa | I6: =SUBSTITUTE(SUBSTITUTE(H6,"-",""),"ng","x") -> tigdalawa | J6: =IF(COUNTIF(H:H, H6)>1,"Duplicate","Unique") -> Unique
A7: composition | B7: character_counting | C7: regular | D7: ="How many letters are in the word " & "\" & """" &H7 & "\" & """" & "?""" -> How many letters are in the word \"magkandalanta-lanta\"?" | E7: ="Ilang titik mayroon ang salitang " & "\" & """" &H7 & "\" & """" & "?""" -> Ilang titik mayroon ang salitang \"magkandalanta-lanta\"?" | F7: 18 | G7: composition_character_counting_00006 | H7: magkandalanta-lanta | I7: =SUBSTITUTE(SUBSTITUTE(H7,"-",""),"ng","x") -> magkandalantalanta | J7: =IF(COUNTIF(H:H, H7)>1,"Duplicate","Unique") -> Unique
A8: composition | B8: character_counting | C8: regular | D8: ="How many letters are in the word " & "\" & """" &H8 & "\" & """" & "?""" -> How many letters are in the word \"nakakapanrahuyo\"?" | E8: ="Ilang titik mayroon ang salitang " & "\" & """" &H8 & "\" & """" & "?""" -> Ilang titik mayroon ang salitang \"nakakapanrahuyo\"?" | F8: 15 | G8: composition_character_counting_00007 | H8: nakakapanrahuyo | I8: =SUBSTITUTE(SUBSTITUTE(H8,"-",""),"ng","x") -> nakakapanrahuyo | J8: =IF(COUNTIF(H:H, H8)>1,"Duplicate","Unique") -> Unique
A9: composition | B9: character_counting | C9: regular | D9: ="How many letters are in the word " & "\" & """" &H9 & "\" & """" & "?""" -> How many letters are in the word \"nakupitan\"?" | E9: ="Ilang titik mayroon ang salitang " & "\" & """" &H9 & "\" & """" & "?""" -> Ilang titik mayroon ang salitang \"nakupitan\"?" | F9: 9 | G9: composition_character_counting_00008 | H9: nakupitan | I9: =SUBSTITUTE(SUBSTITUTE(H9,"-",""),"ng","x") -> nakupitan | J9: =IF(COUNTIF(H:H, H9)>1,"Duplicate","Unique") -> Unique
A10: composition | B10: character_counting | C10: regular | D10: ="How many letters are in the word " & "\" & """" &H10 & "\" & """" & "?""" -> How many letters are in the word \"labintatlo\"?" | E10: ="Ilang titik mayroon ang salitang " & "\" & """" &H10 & "\" & """" & "?""" -> Ilang titik mayroon ang salitang \"labintatlo\"?" | F10: 10 | G10: composition_character_counting_00009 | H10: labintatlo | I10: =SUBSTITUTE(SUBSTITUTE(H10,"-",""),"ng","x") -> labintatlo | J10: =IF(COUNTIF(H:H, H10)>1,"Duplicate","Unique") -> Unique
A11: composition | B11: character_counting | C11: regular | D11: ="How many letters are in the word " & "\" & """" &H11 & "\" & """" & "?""" -> How many letters are in the word \"katwiran\"?" | E11: ="Ilang titik mayroon ang salitang " & "\" & """" &H11 & "\" & """" & "?""" -> Ilang titik mayroon ang salitang \"katwiran\"?" | F11: 8 | G11: composition_character_counting_00010 | H11: katwiran | I11: =SUBSTITUTE(SUBSTITUTE(H11,"-",""),"ng","x") -> katwiran | J11: =IF(COUNTIF(H:H, H11)>1,"Duplicate","Unique") -> Unique
A12: composition | B12: character_counting | C12: regular | D12: ="How many letters are in the word " & "\" & """" &H12 & "\" & """" & "?""" -> How many letters are in the word \"talaarawan\"?" | E12: ="Ilang titik mayroon ang salitang " & "\" & """" &H12 & "\" & """" & "?""" -> Ilang titik mayroon ang salitang \"talaarawan\"?" | F12: 10 | G12: composition_character_counting_00011 | H12: talaarawan | I12: =SUBSTITUTE(SUBSTITUTE(H12,"-",""),"ng","x") -> talaarawan | J12: =IF(COUNTIF(H:H, H12)>1,"Duplicate","Unique") -> Unique
A13: composition | B13: character_counting | C13: regular | D13: ="How many letters are in the word " & "\" & """" &H13 & "\" & """" & "?""" -> How many letters are in the word \"kakakain\"?" | E13: ="Ilang titik mayroon ang salitang " & "\" & """" &H13 & "\" & """" & "?""" -> Ilang titik mayroon ang salitang \"kakakain\"?" | F13: 8 | G13: composition_character_counting_00012 | H13: kakakain | I13: =SUBSTITUTE(SUBSTITUTE(H13,"-",""),"ng","x") -> kakakain | J13: =IF(COUNTIF(H:H, H13)>1,"Duplicate","Unique") -> Unique
A14: composition | B14: character_counting | C14: regular | D14: ="How many letters are in the word " & "\" & """" &H14 & "\" & """" & "?""" -> How many letters are in the word \"kabababa\"?" | E14: ="Ilang titik mayroon ang salitang " & "\" & """" &H14 & "\" & """" & "?""" -> Ilang titik mayroon ang salitang \"kabababa\"?" | F14: 8 | G14: composition_character_counting_00013 | H14: kabababa | I14: =SUBSTITUTE(SUBSTITUTE(H14,"-",""),"ng","x") -> kabababa | J14: =IF(COUNTIF(H:H, H14)>1,"Duplicate","Unique") -> Unique
... A101: composition | B101: character_counting | C101: ng_aware | D101: ="How many letters are in the word " & "\" & """" &H101 & "\" & """" & "?""" -> How many letters are in the word \"ungol\"?" | E101: ="Ilang titik mayroon ang salitang " & "\" & """" &H101 & "\" & """" & "?""" -> Ilang titik mayroon ang salitang \"ungol\"?" | F101: 4 | G101: composition_character_counting_00100 | H101: ungol | I101: =SUBSTITUTE(SUBSTITUTE(H101,"-",""),"ng","x") -> uxol | J101: =IF(COUNTIF(H:H, H101)>1,"Duplicate","Unique") -> Unique

Sheet character_recognition
A1: category | B1: subcategory | C1: subcategory2 | D1: text_en | E1: text_tl | F1: label | G1: id | I1: word | J1: position_english | K1: position
A2: composition | B2: character_recognition | C2: regular | D2: What is the 6th letter of the word \"ampunin\"'? | E2: Ano ang ika-6 na titik ng salitang \"ampunin\"? | F2: i | G2: composition_character_recognition_00000 | I2: ampunin | J2: 6th | K2: 6
A3: composition | B3: character_recognition | C3: regular | D3: ="What is the " & J3 & " letter of the word " & "\" & """" &I3 & "\" & """" & "?" -> What is the 1st letter of the word \"isasaisip\"? | E3: ="Ano ang ika-" & K3& " na titik ng salitang " & "\" & """" &I3 & "\" & """" & "?" -> Ano ang ika-1 na titik ng salitang \"isasaisip\"? | F3: i | G3: composition_character_recognition_00001 | I3: isasaisip | J3: 1st | K3: 1
A4: composition | B4: character_recognition | C4: regular | D4: ="What is the " & J4 & " letter of the word " & "\" & """" &I4 & "\" & """" & "?" -> What is the 2nd letter of the word \"nakikipag-iyutan\"? | E4: ="Ano ang ika-" & K4& " na titik ng salitang " & "\" & """" &I4 & "\" & """" & "?" -> Ano ang ika-2 na titik ng salitang \"nakikipag-iyutan\"? | F4: a | G4: composition_character_recognition_00002 | I4: nakikipag-iyutan | J4: 2nd | K4: 2
A5: composition | B5: character_recognition | C5: regular | D5: ="What is the " & J5 & " letter of the word " & "\" & """" &I5 & "\" & """" & "?" -> What is the 7th letter of the word \"kauulit\"? | E5: ="Ano ang ika-" & K5& " na titik ng salitang " & "\" & """" &I5 & "\" & """" & "?" -> Ano ang ika-8 na titik ng salitang \"kauulit\"? | F5: t | G5: composition_character_recognition_00003 | I5: kauulit | J5: 7th | K5: 8
A6: composition | B6: character_recognition | C6: regular | D6: ="What is the " & J6 & " letter of the word " & "\" & """" &I6 & "\" & """" & "?" -> What is the 1st letter of the word \"umapaw\"? | E6: ="Ano ang ika-" & K6& " na titik ng salitang " & "\" & """" &I6 & "\" & """" & "?" -> Ano ang ika-1 na titik ng salitang \"umapaw\"? | F6: u | G6: composition_character_recognition_00004 | I6: umapaw | J6: 1st | K6: 1
A7: composition | B7: character_recognition | C7: regular | D7: ="What is the " & J7 & " letter of the word " & "\" & """" &I7 & "\" & """" & "?" -> What is the 9th letter of the word \"inulyawan\"? | E7: ="Ano ang ika-" & K7& " na titik ng salitang " & "\" & """" &I7 & "\" & """" & "?" -> Ano ang ika-9 na titik ng salitang \"inulyawan\"? | F7: n | G7: composition_character_recognition_00005 | I7: inulyawan | J7: 9th | K7: 9
A8: composition | B8: character_recognition | C8: regular | D8: ="What is the " & J8 & " letter of the word " & "\" & """" &I8 & "\" & """" & "?" -> What is the 3rd letter of the word \"napakaulyanin\"? | E8: ="Ano ang ika-" & K8& " na titik ng salitang " & "\" & """" &I8 & "\" & """" & "?" -> Ano ang ika-3 na titik ng salitang \"napakaulyanin\"? | F8: p | G8: composition_character_recognition_00006 | I8: napakaulyanin | J8: 3rd | K8: 3
A9: composition | B9: character_recognition | C9: regular | D9: ="What is the " & J9 & " letter of the word " & "\" & """" &I9 & "\" & """" & "?" -> What is the 3rd letter of the word \"pag-ibayuhin\"? | E9: ="Ano ang ika-" & K9& " na titik ng salitang " & "\" & """" &I9 & "\" & """" & "?" -> Ano ang ika-3 na titik ng salitang \"pag-ibayuhin\"? | F9: g | G9: composition_character_recognition_00007 | I9: pag-ibayuhin | J9: 3rd | K9: 3
A10: composition | B10: character_recognition | C10: regular | D10: ="What is the " & J10 & " letter of the word " & "\" & """" &I10 & "\" & """" & "?" -> What is the 6th letter of the word \"alayan\"? | E10: ="Ano ang ika-" & K10& " na titik ng salitang " & "\" & """" &I10 & "\" & """" & "?" -> Ano ang ika-6 na titik ng salitang \"alayan\"? | F10: n | G10: composition_character_recognition_00008 | I10: alayan | J10: 6th | K10: 6
A11: composition | B11: character_recognition | C11: regular | D11: ="What is the " & J11 & " letter of the word " & "\" & """" &I11 & "\" & """" & "?" -> What is the 10th letter of the word \"nakakausap\"? | E11: ="Ano ang ika-" & K11& " na titik ng salitang " & "\" & """" &I11 & "\" & """" & "?" -> Ano ang ika-10 na titik ng salitang \"nakakausap\"? | F11: p | G11: composition_character_recognition_00009 | I11: nakakausap | J11: 10th | K11: 10
A12: composition | B12: character_recognition | C12: regular | D12: ="What is the " & J12 & " letter of the word " & "\" & """" &I12 & "\" & """" & "?" -> What is the 7th letter of the word \"nakapagpatutsada\"? | E12: ="Ano ang ika-" & K12& " na titik ng salitang " & "\" & """" &I12 & "\" & """" & "?" -> Ano ang ika-7 na titik ng salitang \"nakapagpatutsada\"? | F12: g | G12: composition_character_recognition_00010 | I12: nakapagpatutsada | J12: 7th | K12: 7
A13: composition | B13: character_recognition | C13: regular | D13: ="What is the " & J13 & " letter of the word " & "\" & """" &I13 & "\" & """" & "?" -> What is the 4th letter of the word \"maalalahanin\"? | E13: ="Ano ang ika-" & K13& " na titik ng salitang " & "\" & """" &I13 & "\" & """" & "?" -> Ano ang ika-4 na titik ng salitang \"maalalahanin\"? | F13: l | G13: composition_character_recognition_00011 | I13: maalalahanin | J13: 4th | K13: 4
A14: composition | B14: character_recognition | C14: regular | D14: ="What is the " & J14 & " letter of the word " & "\" & """" &I14 & "\" & """" & "?" -> What is the 5th letter of the word \"baligtad\"? | E14: ="Ano ang ika-" & K14& " na titik ng salitang " & "\" & """" &I14 & "\" & """" & "?" -> Ano ang ika-5 na titik ng salitang \"baligtad\"? | F14: g | G14: composition_character_recognition_00012 | I14: baligtad | J14: 5th | K14: 5
A15: composition | B15: character_recognition | C15: regular | D15: ="What is the " & J15 & " letter of the word " & "\" & """" &I15 & "\" & """" & "?" -> What is the 2nd letter of the word \"di-sadya\"? | E15: ="Ano ang ika-" & K15& " na titik ng salitang " & "\" & """" &I15 & "\" & """" & "?" -> Ano ang ika-2 na titik ng salitang \"di-sadya\"? | F15: i | G15: composition_character_recognition_00013 | I15: di-sadya | J15: 2nd | K15: 2
A16: composition | B16: character_recognition | C16: regular | D16: ="What is the " & J16 & " letter of the word " & "\" & """" &character_counting!H40 & "\" & """" & "?" -> What is the 1st letter of the word \"tagapanatili\"? | E16: ="Ano ang ika-" & K16& " na titik ng salitang " & "\" & """" &character_counting!H40 & "\" & """" & "?" -> Ano ang ika-1 na titik ng salitang \"tagapanatili\"? | F16: t | G16: composition_character_recognition_00014 | J16: 1st | K16: 1
A17: composition | B17: character_recognition | C17: regular | D17: ="What is the " & J17 & " letter of the word " & "\" & """" &character_counting!H41 & "\" & """" & "?" -> What is the 7th letter of the word \"magsisipagsali\"? | E17: ="Ano ang ika-" & K17& " na titik ng salitang " & "\" & """" &character_counting!H41 & "\" & """" & "?" -> Ano ang ika-7 na titik ng salitang \"magsisipagsali\"? | F17: i | G17: composition_character_recognition_00015 | J17: 7th | K17: 7
A18: composition | B18: character_recognition | C18: regular | D18: ="What is the " & J18 & " letter of the word " & "\" & """" &character_counting!H42 & "\" & """" & "?" -> What is the 3rd letter of the word \"napaglipasan\"? | E18: ="Ano ang ika-" & K18& " na titik ng salitang " & "\" & """" &character_counting!H42 & "\" & """" & "?" -> Ano ang ika-3 na titik ng salitang \"napaglipasan\"? | F18: p | G18: composition_character_recognition_00016 | J18: 3rd | K18: 3
A19: composition | B19: character_recognition | C19: regular | D19: ="What is the " & J19 & " letter of the word " & "\" & """" &character_counting!H43 & "\" & """" & "?" -> What is the 7th letter of the word \"pag-abiso\"? | E19: ="Ano ang ika-" & K19& " na titik ng salitang " & "\" & """" &character_counting!H43 & "\" & """" & "?" -> Ano ang ika-7 na titik ng salitang \"pag-abiso\"? | F19: s | G19: composition_character_recognition_00017 | J19: 7th | K19: 7
A20: composition | B20: character_recognition | C20: regular | D20: ="What is the " & J20 & " letter of the word " & "\" & """" &character_counting!H44 & "\" & """" & "?" -> What is the 4th letter of the word \"mapagtampo\"? | E20: ="Ano ang ika-" & K20& " na titik ng salitang " & "\" & """" &character_counting!H44 & "\" & """" & "?" -> Ano ang ika-4 na titik ng salitang \"mapagtampo\"? | F20: a | G20: composition_character_recognition_00018 | J20: 4th | K20: 4
A21: composition | B21: character_recognition | C21: regular | D21: ="What is the " & J21 & " letter of the word " & "\" & """" &character_counting!H45 & "\" & """" & "?" -> What is the 1st letter of the word \"simbigo\"? | E21: ="Ano ang ika-" & K21& " na titik ng salitang " & "\" & """" &character_counting!H45 & "\" & """" & "?" -> Ano ang ika-1 na titik ng salitang \"simbigo\"? | F21: s | G21: composition_character_recognition_00019 | J21: 1st | K21: 1
A22: composition | B22: character_recognition | C22: regular | D22: ="What is the " & J22 & " letter of the word " & "\" & """" &character_counting!H46 & "\" & """" & "?" -> What is the 7th letter of the word \"nagsitayo\"? | E22: ="Ano ang ika-" & K22& " na titik ng salitang " & "\" & """" &character_counting!H46 & "\" & """" & "?" -> Ano ang ika-7 na titik ng salitang \"nagsitayo\"? | F22: a | G22: composition_character_recognition_00020 | J22: 7th | K22: 7
A23: composition | B23: character_recognition | C23: regular | D23: ="What is the " & J23 & " letter of the word " & "\" & """" &character_counting!H47 & "\" & """" & "?" -> What is the 6th letter of the word \"bulate\"? | E23: ="Ano ang ika-" & K23& " na titik ng salitang " & "\" & """" &character_counting!H47 & "\" & """" & "?" -> Ano ang ika-6 na titik ng salitang \"bulate\"? | F23: e | G23: composition_character_recognition_00021 | J23: 6th | K23: 6
A24: composition | B24: character_recognition | C24: regular | D24: ="What is the " & J24 & " letter of the word " & "\" & """" &character_counting!H48 & "\" & """" & "?" -> What is the 6th letter of the word \"pinakadetalyado\"? | E24: ="Ano ang ika-" & K24& " na titik ng salitang " & "\" & """" &character_counting!H48 & "\" & """" & "?" -> Ano ang ika-6 na titik ng salitang \"pinakadetalyado\"? | F24: a | G24: composition_character_recognition_00022 | J24: 6th | K24: 6
A25: composition | B25: character_recognition | C25: regular | D25: ="What is the " & J25 & " letter of the word " & "\" & """" &character_counting!H49 & "\" & """" & "?" -> What is the 8th letter of the word \"pambubusabos\"? | E25: ="Ano ang ika-" & K25& " na titik ng salitang " & "\" & """" &character_counting!H49 & "\" & """" & "?" -> Ano ang ika-8 na titik ng salitang \"pambubusabos\"? | F25: s | G25: composition_character_recognition_00023 | J25: 8th | K25: 8
A26: composition | B26: character_recognition | C26: regular | D26: ="What is the " & J26 & " letter of the word " & "\" & """" &character_counting!H50 & "\" & """" & "?" -> What is the 10th letter of the word \"magpapasahod\"? | E26: ="Ano ang ika-" & K26& " na titik ng salitang " & "\" & """" &character_counting!H50 & "\" & """" & "?" -> Ano ang ika-10 na titik ng salitang \"magpapasahod\"? | F26: h | G26: composition_character_recognition_00024 | J26: 10th | K26: 10
A27: composition | B27: character_recognition | C27: regular | D27: ="What is the " & J27 & " letter of the word " & "\" & """" &character_counting!H51 & "\" & """" & "?" -> What is the 5th letter of the word \"paruparo\"? | E27: ="Ano ang ika-" & K27& " na titik ng salitang " & "\" & """" &character_counting!H51 & "\" & """" & "?" -> Ano ang ika-5 na titik ng salitang \"paruparo\"? | F27: p | G27: composition_character_recognition_00025 | J27: 5th | K27: 5
A28: composition | B28: character_recognition | C28: regular | D28: ="What is the " & J28 & " letter of the word " & "\" & """" &I28 & "\" & """" & "?" -> What is the 4th letter of the word \"mambubukid\"? | E28: ="Ano ang ika-" & K28& " na titik ng salitang " & "\" & """" &I28 & "\" & """" & "?" -> Ano ang ika-4 na titik ng salitang \"mambubukid\"? | F28: b | G28: composition_character_recognition_00026 | I28: mambubukid | J28: 4th | K28: 4
A29: composition | B29: character_recognition | C29: regular | D29: ="What is the " & J29 & " letter of the word " & "\" & """" &I29 & "\" & """" & "?" -> What is the 4th letter of the word \"nakaalam\"? | E29: ="Ano ang ika-" & K29& " na titik ng salitang " & "\" & """" &I29 & "\" & """" & "?" -> Ano ang ika-4 na titik ng salitang \"nakaalam\"? | F29: a | G29: composition_character_recognition_00027 | I29: nakaalam | J29: 4th | K29: 4
A30: composition | B30: character_recognition | C30: regular | D30: ="What is the " & J30 & " letter of the word " & "\" & """" &I30 & "\" & """" & "?" -> What is the 7th letter of the word \"kasintotoo\"? | E30: ="Ano ang ika-" & K30& " na titik ng salitang " & "\" & """" &I30 & "\" & """" & "?" -> Ano ang ika-7 na titik ng salitang \"kasintotoo\"? | F30: o | G30: composition_character_recognition_00028 | I30: kasintotoo | J30: 7th | K30: 7
A31: composition | B31: character_recognition | C31: regular | D31: ="What is the " & J31 & " letter of the word " & "\" & """" &I31 & "\" & """" & "?" -> What is the 4th letter of the word \"pagawaan\"? | E31: ="Ano ang ika-" & K31& " na titik ng salitang " & "\" & """" &I31 & "\" & """" & "?" -> Ano ang ika-4 na titik ng salitang \"pagawaan\"? | F31: a | G31: composition_character_recognition_00029 | I31: pagawaan | J31: 4th | K31: 4
A32: composition | B32: character_recognition | C32: regular | D32: ="What is the " & J32 & " letter of the word " & "\" & """" &I32 & "\" & """" & "?" -> What is the 7th letter of the word \"nagsakayan\"? | E32: ="Ano ang ika-" & K32& " na titik ng salitang " & "\" & """" &I32 & "\" & """" & "?" -> Ano ang ika-7 na titik ng salitang \"nagsakayan\"? | F32: a | G32: composition_character_recognition_00030 | I32: nagsakayan | J32: 7th | K32: 7
A33: composition | B33: character_recognition | C33: regular | D33: ="What is the " & J33 & " letter of the word " & "\" & """" &I33 & "\" & """" & "?" -> What is the 11th letter of the word \"mapasunod-sunod\"? | E33: ="Ano ang ika-" & K33& " na titik ng salitang " & "\" & """" &I33 & "\" & """" & "?" -> Ano ang ika-11 na titik ng salitang \"mapasunod-sunod\"? | F33: u | G33: composition_character_recognition_00031 | I33: mapasunod-sunod | J33: 11th | K33: 11
A34: composition | B34: character_recognition | C34: regular | D34: ="What is the " & J34 & " letter of the word " & "\" & """" &I34 & "\" & """" & "?" -> What is the 8th letter of the word \"magmasid-masid\"? | E34: ="Ano ang ika-" & K34& " na titik ng salitang " & "\" & """" &I34 & "\" & """" & "?" -> Ano ang ika-8 na titik ng salitang \"magmasid-masid\"? | F34: d | G34: composition_character_recognition_00032 | I34: magmasid-masid | J34: 8th | K34: 8
A35: composition | B35: character_recognition | C35: regular | D35: ="What is the " & J35 & " letter of the word " & "\" & """" &I35 & "\" & """" & "?" -> What is the 13th letter of the word \"makikipagdaldalan\"? | E35: ="Ano ang ika-" & K35& " na titik ng salitang " & "\" & """" &I35 & "\" & """" & "?" -> Ano ang ika-13 na titik ng salitang \"makikipagdaldalan\"? | F35: d | G35: composition_character_recognition_00033 | I35: makikipagdaldalan | J35: 13th | K35: 13
A36: composition | B36: character_recognition | C36: regular | D36: ="What is the " & J36 & " letter of the word " & "\" & """" &I36 & "\" & """" & "?" -> What is the 5th letter of the word \"ratsadera\"? | E36: ="Ano ang ika-" & K36& " na titik ng salitang " & "\" & """" &I36 & "\" & """" & "?" -> Ano ang ika-5 na titik ng salitang \"ratsadera\"? | F36: a | G36: composition_character_recognition_00034 | I36: ratsadera | J36: 5th | K36: 5
A37: composition | B37: character_recognition | C37: regular | D37: ="What is the " & J37 & " letter of the word " & "\" & """" &I37 & "\" & """" & "?" -> What is the 12th letter of the word \"bahay-bahayan\"? | E37: ="Ano ang ika-" & K37& " na titik ng salitang " & "\" & """" &I37 & "\" & """" & "?" -> Ano ang ika-12 na titik ng salitang \"bahay-bahayan\"? | F37: n | G37: composition_character_recognition_00035 | I37: bahay-bahayan | J37: 12th | K37: 12
A38: composition | B38: character_recognition | C38: regular | D38: ="What is the " & J38 & " letter of the word " & "\" & """" &I38 & "\" & """" & "?" -> What is the 1st letter of the word \"nagpapayat\"? | E38: ="Ano ang ika-" & K38& " na titik ng salitang " & "\" & """" &I38 & "\" & """" & "?" -> Ano ang ika-1 na titik ng salitang \"nagpapayat\"? | F38: n | G38: composition_character_recognition_00036 | I38: nagpapayat | J38: 1st | K38: 1
A39: composition | B39: character_recognition | C39: regular | D39: ="What is the " & J39 & " letter of the word " & "\" & """" &I39 & "\" & """" & "?" -> What is the 3rd letter of the word \"tagapag-ihaw\"? | E39: ="Ano ang ika-" & K39& " na titik ng salitang " & "\" & """" &I39 & "\" & """" & "?" -> Ano ang ika-3 na titik ng salitang \"tagapag-ihaw\"? | F39: g | G39: composition_character_recognition_00037 | I39: tagapag-ihaw | J39: 3rd | K39: 3
... A51: composition | B51: character_recognition | C51: regular | D51: ="What is the " & J51 & " letter of the word " & "\" & """" &I51 & "\" & """" & "?" -> What is the 6th letter of the word \"hardin\"? | E51: ="Ano ang ika-" & K51& " na titik ng salitang " & "\" & """" &I51 & "\" & """" & "?" -> Ano ang ika-6 na titik ng salitang \"hardin\"? | F51: n | G51: composition_character_recognition_00049 | I51: hardin | J51: 6th | K51: 6
A52: composition | B52: character_recognition | C52: ng_aware | D52: ="What is the " & J52 & " letter of the word " & "\" & """" &I52 & "\" & """" & "?" -> What is the 5th letter of the word \"galing\"? | E52: ="Ano ang ika-" & K52& " na titik ng salitang " & "\" & """" &I52 & "\" & """" & "?" -> Ano ang ika-5 na titik ng salitang \"galing\"? | F52: ng | G52: composition_character_recognition_00050 | I52: galing | J52: =K52&"th" -> 5th | K52: 5
A53: composition | B53: character_recognition | C53: ng_aware | D53: ="What is the " & J53 & " letter of the word " & "\" & """" &I53 & "\" & """" & "?" -> What is the 5th letter of the word \"bilang\"? | E53: ="Ano ang ika-" & K53& " na titik ng salitang " & "\" & """" &I53 & "\" & """" & "?" -> Ano ang ika-5 na titik ng salitang \"bilang\"? | F53: ng | G53: composition_character_recognition_00051 | I53: bilang | J53: =K53&"th" -> 5th | K53: 5
A54: composition | B54: character_recognition | C54: ng_aware | D54: ="What is the " & J54 & " letter of the word " & "\" & """" &I54 & "\" & """" & "?" -> What is the 5th letter of the word \"galing\"? | E54: ="Ano ang ika-" & K54& " na titik ng salitang " & "\" & """" &I54 & "\" & """" & "?" -> Ano ang ika-5 na titik ng salitang \"galing\"? | F54: ng | G54: composition_character_recognition_00052 | I54: galing | J54: =K54&"th" -> 5th | K54: 5
A55: composition | B55: character_recognition | C55: ng_aware | D55: ="What is the " & J55 & " letter of the word " & "\" & """" &I55 & "\" & """" & "?" -> What is the 6th letter of the word \"kanyang\"? | E55: ="Ano ang ika-" & K55& " na titik ng salitang " & "\" & """" &I55 & "\" & """" & "?" -> Ano ang ika-6 na titik ng salitang \"kanyang\"? | F55: ng | G55: composition_character_recognition_00053 | I55: kanyang | J55: =K55&"th" -> 6th | K55: 6
A56: composition | B56: character_recognition | C56: ng_aware | D56: ="What is the " & J56 & " letter of the word " & "\" & """" &I56 & "\" & """" & "?" -> What is the 4th letter of the word \"bunga\"? | E56: ="Ano ang ika-" & K56& " na titik ng salitang " & "\" & """" &I56 & "\" & """" & "?" -> Ano ang ika-4 na titik ng salitang \"bunga\"? | F56: a | G56: composition_character_recognition_00054 | I56: bunga | J56: =K56&"th" -> 4th | K56: 4
A57: composition | B57: character_recognition | C57: ng_aware | D57: ="What is the " & J57 & " letter of the word " & "\" & """" &I57 & "\" & """" & "?" -> What is the 6th letter of the word \"tungkol\"? | E57: ="Ano ang ika-" & K57& " na titik ng salitang " & "\" & """" &I57 & "\" & """" & "?" -> Ano ang ika-6 na titik ng salitang \"tungkol\"? | F57: l | G57: composition_character_recognition_00055 | I57: tungkol | J57: =K57&"th" -> 6th | K57: 6
A58: composition | B58: character_recognition | C58: ng_aware | D58: ="What is the " & J58 & " letter of the word " & "\" & """" &I58 & "\" & """" & "?" -> What is the 4th letter of the word \"taong\"? | E58: ="Ano ang ika-" & K58& " na titik ng salitang " & "\" & """" &I58 & "\" & """" & "?" -> Ano ang ika-4 na titik ng salitang \"taong\"? | F58: ng | G58: composition_character_recognition_00056 | I58: taong | J58: =K58&"th" -> 4th | K58: 4
A59: composition | B59: character_recognition | C59: ng_aware | D59: ="What is the " & J59 & " letter of the word " & "\" & """" &I59 & "\" & """" & "?" -> What is the 5th letter of the word \"bilang\"? | E59: ="Ano ang ika-" & K59& " na titik ng salitang " & "\" & """" &I59 & "\" & """" & "?" -> Ano ang ika-5 na titik ng salitang \"bilang\"? | F59: ng | G59: composition_character_recognition_00057 | I59: bilang | J59: =K59&"th" -> 5th | K59: 5
A60: composition | B60: character_recognition | C60: ng_aware | D60: ="What is the " & J60 & " letter of the word " & "\" & """" &I60 & "\" & """" & "?" -> What is the 5th letter of the word \"bilang\"? | E60: ="Ano ang ika-" & K60& " na titik ng salitang " & "\" & """" &I60 & "\" & """" & "?" -> Ano ang ika-5 na titik ng salitang \"bilang\"? | F60: ng | G60: composition_character_recognition_00058 | I60: bilang | J60: =K60&"th" -> 5th | K60: 5
A61: composition | B61: character_recognition | C61: ng_aware | D61: ="What is the " & J61 & " letter of the word " & "\" & """" &I61 & "\" & """" & "?" -> What is the 4th letter of the word \"upang\"? | E61: ="Ano ang ika-" & K61& " na titik ng salitang " & "\" & """" &I61 & "\" & """" & "?" -> Ano ang ika-4 na titik ng salitang \"upang\"? | F61: ng | G61: composition_character_recognition_00059 | I61: upang | J61: =K61&"th" -> 4th | K61: 4
A62: composition | B62: character_recognition | C62: ng_aware | D62: ="What is the " & J62 & " letter of the word " & "\" & """" &I62 & "\" & """" & "?" -> What is the 4th letter of the word \"ilang\"? | E62: ="Ano ang ika-" & K62& " na titik ng salitang " & "\" & """" &I62 & "\" & """" & "?" -> Ano ang ika-4 na titik ng salitang \"ilang\"? | F62: ng | G62: composition_character_recognition_00060 | I62: ilang | J62: =K62&"th" -> 4th | K62: 4
A63: composition | B63: character_recognition | C63: ng_aware | D63: ="What is the " & J63 & " letter of the word " & "\" & """" &I63 & "\" & """" & "?" -> What is the 4th letter of the word \"tulong\"? | E63: ="Ano ang ika-" & K63& " na titik ng salitang " & "\" & """" &I63 & "\" & """" & "?" -> Ano ang ika-4 na titik ng salitang \"tulong\"? | F63: o | G63: composition_character_recognition_00061 | I63: tulong | J63: =K63&"th" -> 4th | K63: 4
... A66: composition | B66: character_recognition | C66: ng_aware | D66: ="What is the " & J66 & " letter of the word " & "\" & """" &I66 & "\" & """" & "?" -> What is the 5th letter of the word \"muling\"? | E66: ="Ano ang ika-" & K66& " na titik ng salitang " & "\" & """" &I66 & "\" & """" & "?" -> Ano ang ika-5 na titik ng salitang \"muling\"? | F66: ng | G66: composition_character_recognition_00064 | I66: muling | J66: =K66&"th" -> 5th | K66: 5
A67: composition | B67: character_recognition | C67: ng_aware | D67: ="What is the " & J67 & " letter of the word " & "\" & """" &I67 & "\" & """" & "?" -> What is the 2nd letter of the word \"bilang\"? | E67: ="Ano ang ika-" & K67& " na titik ng salitang " & "\" & """" &I67 & "\" & """" & "?" -> Ano ang ika-2 na titik ng salitang \"bilang\"? | F67: i | G67: composition_character_recognition_00065 | I67: bilang | J67: 2nd | K67: 2
A68: composition | B68: character_recognition | C68: ng_aware | D68: ="What is the " & J68 & " letter of the word " & "\" & """" &I68 & "\" & """" & "?" -> What is the 6th letter of the word \"sangkap\"? | E68: ="Ano ang ika-" & K68& " na titik ng salitang " & "\" & """" &I68 & "\" & """" & "?" -> Ano ang ika-6 na titik ng salitang \"sangkap\"? | F68: p | G68: composition_character_recognition_00066 | I68: sangkap | J68: =K68&"th" -> 6th | K68: 6
A69: composition | B69: character_recognition | C69: ng_aware | D69: ="What is the " & J69 & " letter of the word " & "\" & """" &I69 & "\" & """" & "?" -> What is the 5th letter of the word \"habang\"? | E69: ="Ano ang ika-" & K69& " na titik ng salitang " & "\" & """" &I69 & "\" & """" & "?" -> Ano ang ika-5 na titik ng salitang \"habang\"? | F69: ng | G69: composition_character_recognition_00067 | I69: habang | J69: =K69&"th" -> 5th | K69: 5
A70: composition | B70: character_recognition | C70: ng_aware | D70: ="What is the " & J70 & " letter of the word " & "\" & """" &I70 & "\" & """" & "?" -> What is the 4th letter of the word \"takdang\"? | E70: ="Ano ang ika-" & K70& " na titik ng salitang " & "\" & """" &I70 & "\" & """" & "?" -> Ano ang ika-4 na titik ng salitang \"takdang\"? | F70: d | G70: composition_character_recognition_00068 | I70: takdang | J70: =K70&"th" -> 4th | K70: 4
A71: composition | B71: character_recognition | C71: ng_aware | D71: ="What is the " & J71 & " letter of the word " & "\" & """" &I71 & "\" & """" & "?" -> What is the 5th letter of the word \"siyang\"? | E71: ="Ano ang ika-" & K71& " na titik ng salitang " & "\" & """" &I71 & "\" & """" & "?" -> Ano ang ika-5 na titik ng salitang \"siyang\"? | F71: ng | G71: composition_character_recognition_00069 | I71: siyang | J71: =K71&"th" -> 5th | K71: 5
A72: composition | B72: character_recognition | C72: ng_aware | D72: ="What is the " & J72 & " letter of the word " & "\" & """" &I72 & "\" & """" & "?" -> What is the 5th letter of the word \"silang\"? | E72: ="Ano ang ika-" & K72& " na titik ng salitang " & "\" & """" &I72 & "\" & """" & "?" -> Ano ang ika-5 na titik ng salitang \"silang\"? | F72: ng | G72: composition_character_recognition_00070 | I72: silang | J72: =K72&"th" -> 5th | K72: 5
A73: composition | B73: character_recognition | C73: ng_aware | D73: ="What is the " & J73 & " letter of the word " & "\" & """" &I73 & "\" & """" & "?" -> What is the 4th letter of the word \"tangway\"? | E73: ="Ano ang ika-" & K73& " na titik ng salitang " & "\" & """" &I73 & "\" & """" & "?" -> Ano ang ika-4 na titik ng salitang \"tangway\"? | F73: w | G73: composition_character_recognition_00071 | I73: tangway | J73: =K73&"th" -> 4th | K73: 4
A74: composition | B74: character_recognition | C74: ng_aware | D74: ="What is the " & J74 & " letter of the word " & "\" & """" &I74 & "\" & """" & "?" -> What is the 4th letter of the word \"batang\"? | E74: ="Ano ang ika-" & K74& " na titik ng salitang " & "\" & """" &I74 & "\" & """" & "?" -> Ano ang ika-4 na titik ng salitang \"batang\"? | F74: a | G74: composition_character_recognition_00072 | I74: batang | J74: =K74&"th" -> 4th | K74: 4
A75: composition | B75: character_recognition | C75: ng_aware | D75: ="What is the " & J75 & " letter of the word " & "\" & """" &I75 & "\" & """" & "?" -> What is the 4th letter of the word \"unang\"? | E75: ="Ano ang ika-" & K75& " na titik ng salitang " & "\" & """" &I75 & "\" & """" & "?" -> Ano ang ika-4 na titik ng salitang \"unang\"? | F75: ng | G75: composition_character_recognition_00073 | I75: unang | J75: =K75&"th" -> 4th | K75: 4
A76: composition | B76: character_recognition | C76: ng_aware | D76: ="What is the " & J76 & " letter of the word " & "\" & """" &I76 & "\" & """" & "?" -> What is the 5th letter of the word \"Ilonggo\"? | E76: ="Ano ang ika-" & K76& " na titik ng salitang " & "\" & """" &I76 & "\" & """" & "?" -> Ano ang ika-5 na titik ng salitang \"Ilonggo\"? | F76: g | G76: composition_character_recognition_00074 | I76: Ilonggo | J76: =K76&"th" -> 5th | K76: 5
A77: composition | B77: character_recognition | C77: ng_aware | D77: ="What is the " & J77 & " letter of the word " & "\" & """" &I77 & "\" & """" & "?" -> What is the 5th letter of the word \"tungkol\"? | E77: ="Ano ang ika-" & K77& " na titik ng salitang " & "\" & """" &I77 & "\" & """" & "?" -> Ano ang ika-5 na titik ng salitang \"tungkol\"? | F77: o | G77: composition_character_recognition_00075 | I77: tungkol | J77: =K77&"th" -> 5th | K77: 5
A78: composition | B78: character_recognition | C78: ng_aware | D78: ="What is the " & J78 & " letter of the word " & "\" & """" &I78 & "\" & """" & "?" -> What is the 5th letter of the word \"lamang\"? | E78: ="Ano ang ika-" & K78& " na titik ng salitang " & "\" & """" &I78 & "\" & """" & "?" -> Ano ang ika-5 na titik ng salitang \"lamang\"? | F78: ng | G78: composition_character_recognition_00076 | I78: lamang | J78: =K78&"th" -> 5th | K78: 5
A79: composition | B79: character_recognition | C79: ng_aware | D79: ="What is the " & J79 & " letter of the word " & "\" & """" &I79 & "\" & """" & "?" -> What is the 4th letter of the word \"pangulag\"? | E79: ="Ano ang ika-" & K79& " na titik ng salitang " & "\" & """" &I79 & "\" & """" & "?" -> Ano ang ika-4 na titik ng salitang \"pangulag\"? | F79: u | G79: composition_character_recognition_00077 | I79: pangulag | J79: =K79&"th" -> 4th | K79: 4
A80: composition | B80: character_recognition | C80: ng_aware | D80: ="What is the " & J80 & " letter of the word " & "\" & """" &I80 & "\" & """" & "?" -> What is the 2nd letter of the word \"ulong\"? | E80: ="Ano ang ika-" & K80& " na titik ng salitang " & "\" & """" &I80 & "\" & """" & "?" -> Ano ang ika-2 na titik ng salitang \"ulong\"? | F80: l | G80: composition_character_recognition_00078 | I80: ulong | J80: 2nd | K80: 2
A81: composition | B81: character_recognition | C81: ng_aware | D81: ="What is the " & J81 & " letter of the word " & "\" & """" &I81 & "\" & """" & "?" -> What is the 3rd letter of the word \"bangko\"? | E81: ="Ano ang ika-" & K81& " na titik ng salitang " & "\" & """" &I81 & "\" & """" & "?" -> Ano ang ika-3 na titik ng salitang \"bangko\"? | F81: ng | G81: composition_character_recognition_00079 | I81: bangko | J81: 3rd | K81: 3
A82: composition | B82: character_recognition | C82: ng_aware | D82: ="What is the " & J82 & " letter of the word " & "\" & """" &I82 & "\" & """" & "?" -> What is the 3rd letter of the word \"tubong\"? | E82: ="Ano ang ika-" & K82& " na titik ng salitang " & "\" & """" &I82 & "\" & """" & "?" -> Ano ang ika-3 na titik ng salitang \"tubong\"? | F82: b | G82: composition_character_recognition_00080 | I82: tubong | J82: 3rd | K82: 3
A83: composition | B83: character_recognition | C83: ng_aware | D83: ="What is the " & J83 & " letter of the word " & "\" & """" &I83 & "\" & """" & "?" -> What is the 5th letter of the word \"kahong\"? | E83: ="Ano ang ika-" & K83& " na titik ng salitang " & "\" & """" &I83 & "\" & """" & "?" -> Ano ang ika-5 na titik ng salitang \"kahong\"? | F83: ng | G83: composition_character_recognition_00081 | I83: kahong | J83: =K83&"th" -> 5th | K83: 5
A84: composition | B84: character_recognition | C84: ng_aware | D84: ="What is the " & J84 & " letter of the word " & "\" & """" &I84 & "\" & """" & "?" -> What is the 2nd letter of the word \"bilang\"? | E84: ="Ano ang ika-" & K84& " na titik ng salitang " & "\" & """" &I84 & "\" & """" & "?" -> Ano ang ika-2 na titik ng salitang \"bilang\"? | F84: i | G84: composition_character_recognition_00082 | I84: bilang | J84: 2nd | K84: 2
A85: composition | B85: character_recognition | C85: ng_aware | D85: ="What is the " & J85 & " letter of the word " & "\" & """" &I85 & "\" & """" & "?" -> What is the 7th letter of the word \"dalulong\"? | E85: ="Ano ang ika-" & K85& " na titik ng salitang " & "\" & """" &I85 & "\" & """" & "?" -> Ano ang ika-7 na titik ng salitang \"dalulong\"? | F85: ng | G85: composition_character_recognition_00083 | I85: dalulong | J85: =K85&"th" -> 7th | K85: 7
A86: composition | B86: character_recognition | C86: ng_aware | D86: ="What is the " & J86 & " letter of the word " & "\" & """" &I86 & "\" & """" & "?" -> What is the 5th letter of the word \"maging\"? | E86: ="Ano ang ika-" & K86& " na titik ng salitang " & "\" & """" &I86 & "\" & """" & "?" -> Ano ang ika-5 na titik ng salitang \"maging\"? | F86: ng | G86: composition_character_recognition_00084 | I86: maging | J86: =K86&"th" -> 5th | K86: 5
A87: composition | B87: character_recognition | C87: ng_aware | D87: ="What is the " & J87 & " letter of the word " & "\" & """" &I87 & "\" & """" & "?" -> What is the 5th letter of the word \"lamang\"? | E87: ="Ano ang ika-" & K87& " na titik ng salitang " & "\" & """" &I87 & "\" & """" & "?" -> Ano ang ika-5 na titik ng salitang \"lamang\"? | F87: ng | G87: composition_character_recognition_00085 | I87: lamang | J87: =K87&"th" -> 5th | K87: 5
A88: composition | B88: character_recognition | C88: ng_aware | D88: ="What is the " & J88 & " letter of the word " & "\" & """" &I88 & "\" & """" & "?" -> What is the 3rd letter of the word \"silang\"? | E88: ="Ano ang ika-" & K88& " na titik ng salitang " & "\" & """" &I88 & "\" & """" & "?" -> Ano ang ika-3 na titik ng salitang \"silang\"? | F88: l | G88: composition_character_recognition_00086 | I88: silang | J88: 3rd | K88: 3
A89: composition | B89: character_recognition | C89: ng_aware | D89: ="What is the " & J89 & " letter of the word " & "\" & """" &I89 & "\" & """" & "?" -> What is the 8th letter of the word \"salagubang\"? | E89: ="Ano ang ika-" & K89& " na titik ng salitang " & "\" & """" &I89 & "\" & """" & "?" -> Ano ang ika-8 na titik ng salitang \"salagubang\"? | F89: a | G89: composition_character_recognition_00087 | I89: salagubang | J89: =K89&"th" -> 8th | K89: 8
A90: composition | B90: character_recognition | C90: ng_aware | D90: ="What is the " & J90 & " letter of the word " & "\" & """" &I90 & "\" & """" & "?" -> What is the 4th letter of the word \"bilang\"? | E90: ="Ano ang ika-" & K90& " na titik ng salitang " & "\" & """" &I90 & "\" & """" & "?" -> Ano ang ika-4 na titik ng salitang \"bilang\"? | F90: a | G90: composition_character_recognition_00088 | I90: bilang | J90: =K90&"th" -> 4th | K90: 4
A91: composition | B91: character_recognition | C91: ng_aware | D91: ="What is the " & J91 & " letter of the word " & "\" & """" &I91 & "\" & """" & "?" -> What is the 4th letter of the word \"naging\"? | E91: ="Ano ang ika-" & K91& " na titik ng salitang " & "\" & """" &I91 & "\" & """" & "?" -> Ano ang ika-4 na titik ng salitang \"naging\"? | F91: i | G91: composition_character_recognition_00089 | I91: naging | J91: =K91&"th" -> 4th | K91: 4
A92: composition | B92: character_recognition | C92: ng_aware | D92: ="What is the " & J92 & " letter of the word " & "\" & """" &I92 & "\" & """" & "?" -> What is the 8th letter of the word \"tiningkal\"? | E92: ="Ano ang ika-" & K92& " na titik ng salitang " & "\" & """" &I92 & "\" & """" & "?" -> Ano ang ika-8 na titik ng salitang \"tiningkal\"? | F92: l | G92: composition_character_recognition_00090 | I92: tiningkal | J92: =K92&"th" -> 8th | K92: 8
A93: composition | B93: character_recognition | C93: ng_aware | D93: ="What is the " & J93 & " letter of the word " & "\" & """" &I93 & "\" & """" & "?" -> What is the 5th letter of the word \"putong\"? | E93: ="Ano ang ika-" & K93& " na titik ng salitang " & "\" & """" &I93 & "\" & """" & "?" -> Ano ang ika-5 na titik ng salitang \"putong\"? | F93: ng | G93: composition_character_recognition_00091 | I93: putong | J93: =K93&"th" -> 5th | K93: 5
A94: composition | B94: character_recognition | C94: ng_aware | D94: ="What is the " & J94 & " letter of the word " & "\" & """" &I94 & "\" & """" & "?" -> What is the 3rd letter of the word \"bing-il\"? | E94: ="Ano ang ika-" & K94& " na titik ng salitang " & "\" & """" &I94 & "\" & """" & "?" -> Ano ang ika-3 na titik ng salitang \"bing-il\"? | F94: ng | G94: composition_character_recognition_00092 | I94: bing-il | J94: 3rd | K94: 3
A95: composition | B95: character_recognition | C95: ng_aware | D95: ="What is the " & J95 & " letter of the word " & "\" & """" &I95 & "\" & """" & "?" -> What is the 5th letter of the word \"habang\"? | E95: ="Ano ang ika-" & K95& " na titik ng salitang " & "\" & """" &I95 & "\" & """" & "?" -> Ano ang ika-5 na titik ng salitang \"habang\"? | F95: ng | G95: composition_character_recognition_00093 | I95: habang | J95: =K95&"th" -> 5th | K95: 5
A96: composition | B96: character_recognition | C96: ng_aware | D96: ="What is the " & J96 & " letter of the word " & "\" & """" &I96 & "\" & """" & "?" -> What is the 5th letter of the word \"sulang\"? | E96: ="Ano ang ika-" & K96& " na titik ng salitang " & "\" & """" &I96 & "\" & """" & "?" -> Ano ang ika-5 na titik ng salitang \"sulang\"? | F96: ng | G96: composition_character_recognition_00094 | I96: sulang | J96: =K96&"th" -> 5th | K96: 5
A97: composition | B97: character_recognition | C97: ng_aware | D97: ="What is the " & J97 & " letter of the word " & "\" & """" &I97 & "\" & """" & "?" -> What is the 5th letter of the word \"limang\"? | E97: ="Ano ang ika-" & K97& " na titik ng salitang " & "\" & """" &I97 & "\" & """" & "?" -> Ano ang ika-5 na titik ng salitang \"limang\"? | F97: ng | G97: composition_character_recognition_00095 | I97: limang | J97: =K97&"th" -> 5th | K97: 5
A98: composition | B98: character_recognition | C98: ng_aware | D98: ="What is the " & J98 & " letter of the word " & "\" & """" &I98 & "\" & """" & "?" -> What is the 4th letter of the word \"kiling\"? | E98: ="Ano ang ika-" & K98& " na titik ng salitang " & "\" & """" &I98 & "\" & """" & "?" -> Ano ang ika-4 na titik ng salitang \"kiling\"? | F98: i | G98: composition_character_recognition_00096 | I98: kiling | J98: =K98&"th" -> 4th | K98: 4
A99: composition | B99: character_recognition | C99: ng_aware | D99: ="What is the " & J99 & " letter of the word " & "\" & """" &I99 & "\" & """" & "?" -> What is the 5th letter of the word \"kolowong\"? | E99: ="Ano ang ika-" & K99& " na titik ng salitang " & "\" & """" &I99 & "\" & """" & "?" -> Ano ang ika-5 na titik ng salitang \"kolowong\"? | F99: w | G99: composition_character_recognition_00097 | I99: kolowong | J99: =K99&"th" -> 5th | K99: 5
A100: composition | B100: character_recognition | C100: ng_aware | D100: ="What is the " & J100 & " letter of the word " & "\" & """" &I100 & "\" & """" & "?" -> What is the 5th letter of the word \"langit\"? | E100: ="Ano ang ika-" & K100& " na titik ng salitang " & "\" & """" &I100 & "\" & """" & "?" -> Ano ang ika-5 na titik ng salitang \"langit\"? | F100: t | G100: composition_character_recognition_00098 | I100: langit | J100: =K100&"th" -> 5th | K100: 5
A101: composition | B101: character_recognition | C101: ng_aware | D101: ="What is the " & J101 & " letter of the word " & "\" & """" &I101 & "\" & """" & "?" -> What is the 6th letter of the word \"pangkat\"? | E101: ="Ano ang ika-" & K101& " na titik ng salitang " & "\" & """" &I101 & "\" & """" & "?" -> Ano ang ika-6 na titik ng salitang \"pangkat\"? | F101: t | G101: composition_character_recognition_00099 | I101: pangkat | J101: =K101&"th" -> 6th | K101: 6

Sheet inflected_affix_extraction
A1: category | B1: subcategory | C1: subcategory2 | D1: subcategory3 | E1: text_en | F1: text_tl | G1: label | H1: id | I1: word | J1: root_word | K1: affix | L1: affix_alternate | M1: affix_type | N1: subtype
A2: morphological_extraction | B2: inflected_affix_extraction | C2: prefix | D2: partial_assimilation | E2: What is the affix used to inflect the word \"mambola\"? | F2: Ano ang panlapi na ginamit sa salitang \"mambola\"? | G2: mang- | H2: morphological_extraction_inflected_affix_extraction_00000 | I2: mambola | J2: bola | K2: mang- | M2: prefix | N2: partial assimilation (prefix)
A3: morphological_extraction | B3: inflected_affix_extraction | C3: =M3 -> prefix | D3: partial_assimilation | E3: ="What is the affix used to inflect the word " & "\" & """" & I3 & "\" & """" & "?" -> What is the affix used to inflect the word \"mandaya\"? | F3: ="Ano ang panlapi na ginamit sa salitang " & "\" & """" & I3 & "\" & """" & "?" -> Ano ang panlapi na ginamit sa salitang \"mandaya\"? | G3: =K3 -> mang- | H3: morphological_extraction_inflected_affix_extraction_00001 | I3: mandaya | J3: daya | K3: mang- | M3: prefix | N3: partial assimilation (prefix)
A4: morphological_extraction | B4: inflected_affix_extraction | C4: =M4 -> prefix | D4: partial_assimilation | E4: ="What is the affix used to inflect the word " & "\" & """" & I4 & "\" & """" & "?" -> What is the affix used to inflect the word \"mapanlamang\"? | F4: ="Ano ang panlapi na ginamit sa salitang " & "\" & """" & I4 & "\" & """" & "?" -> Ano ang panlapi na ginamit sa salitang \"mapanlamang\"? | G4: =K4 -> mapang- | H4: morphological_extraction_inflected_affix_extraction_00002 | I4: mapanlamang | J4: lamang | K4: mapang- | M4: prefix | N4: partial assimilation (prefix)
A5: morphological_extraction | B5: inflected_affix_extraction | C5: =M5 -> prefix | D5: partial_assimilation | E5: ="What is the affix used to inflect the word " & "\" & """" & I5 & "\" & """" & "?" -> What is the affix used to inflect the word \"pambansa\"? | F5: ="Ano ang panlapi na ginamit sa salitang " & "\" & """" & I5 & "\" & """" & "?" -> Ano ang panlapi na ginamit sa salitang \"pambansa\"? | G5: =K5 -> pang- | H5: morphological_extraction_inflected_affix_extraction_00003 | I5: pambansa | J5: bansa | K5: pang- | M5: prefix | N5: partial assimilation (prefix)
A6: morphological_extraction | B6: inflected_affix_extraction | C6: =M6 -> prefix | D6: partial_assimilation | E6: ="What is the affix used to inflect the word " & "\" & """" & I6 & "\" & """" & "?" -> What is the affix used to inflect the word \"pampito\"? | F6: ="Ano ang panlapi na ginamit sa salitang " & "\" & """" & I6 & "\" & """" & "?" -> Ano ang panlapi na ginamit sa salitang \"pampito\"? | G6: =K6 -> pang- | H6: morphological_extraction_inflected_affix_extraction_00004 | I6: pampito | J6: pito | K6: pang- | M6: prefix | N6: partial assimilation (prefix)
A7: morphological_extraction | B7: inflected_affix_extraction | C7: =M7 -> prefix | D7: partial_assimilation | E7: ="What is the affix used to inflect the word " & "\" & """" & I7 & "\" & """" & "?" -> What is the affix used to inflect the word \"nanlaban\"? | F7: ="Ano ang panlapi na ginamit sa salitang " & "\" & """" & I7 & "\" & """" & "?" -> Ano ang panlapi na ginamit sa salitang \"nanlaban\"? | G7: =K7 -> nang- | H7: morphological_extraction_inflected_affix_extraction_00005 | I7: nanlaban | J7: laban | K7: nang- | M7: prefix | N7: partial assimilation (prefix)
A8: morphological_extraction | B8: inflected_affix_extraction | C8: =M8 -> prefix | D8: partial_assimilation | E8: ="What is the affix used to inflect the word " & "\" & """" & I8 & "\" & """" & "?" -> What is the affix used to inflect the word \"ipampinta\"? | F8: ="Ano ang panlapi na ginamit sa salitang " & "\" & """" & I8 & "\" & """" & "?" -> Ano ang panlapi na ginamit sa salitang \"ipampinta\"? | G8: =K8 -> nang- | H8: morphological_extraction_inflected_affix_extraction_00006 | I8: ipampinta | J8: pinta | K8: nang- | M8: prefix | N8: partial assimilation (prefix)
A9: morphological_extraction | B9: inflected_affix_extraction | C9: =M9 -> prefix | D9: partial_assimilation | E9: ="What is the affix used to inflect the word " & "\" & """" & I9 & "\" & """" & "?" -> What is the affix used to inflect the word \"ipantapal\"? | F9: ="Ano ang panlapi na ginamit sa salitang " & "\" & """" & I9 & "\" & """" & "?" -> Ano ang panlapi na ginamit sa salitang \"ipantapal\"? | G9: =K9 -> ipang- | H9: morphological_extraction_inflected_affix_extraction_00007 | I9: ipantapal | J9: tapal | K9: ipang- | M9: prefix | N9: partial assimilation (prefix)
A10: morphological_extraction | B10: inflected_affix_extraction | C10: =M10 -> prefix | D10: partial_assimilation | E10: ="What is the affix used to inflect the word " & "\" & """" & I10 & "\" & """" & "?" -> What is the affix used to inflect the word \"simbait\"? | F10: ="Ano ang panlapi na ginamit sa salitang " & "\" & """" & I10 & "\" & """" & "?" -> Ano ang panlapi na ginamit sa salitang \"simbait\"? | G10: =K10 -> sing- | H10: morphological_extraction_inflected_affix_extraction_00008 | I10: simbait | J10: bait | K10: sing- | M10: prefix | N10: partial assimilation (prefix)
A11: morphological_extraction | B11: inflected_affix_extraction | C11: =M11 -> prefix | D11: partial_assimilation | E11: ="What is the affix used to inflect the word " & "\" & """" & I11 & "\" & """" & "?" -> What is the affix used to inflect the word \"sintibay\"? | F11: ="Ano ang panlapi na ginamit sa salitang " & "\" & """" & I11 & "\" & """" & "?" -> Ano ang panlapi na ginamit sa salitang \"sintibay\"? | G11: =K11 -> sing- | H11: morphological_extraction_inflected_affix_extraction_00009 | I11: sintibay | J11: tibay | K11: sing- | M11: prefix | N11: partial assimilation (prefix)
A12: morphological_extraction | B12: inflected_affix_extraction | C12: =M12 -> prefix | D12: full_assimilation | E12: ="What is the affix used to inflect the word " & "\" & """" & I12 & "\" & """" & "?" -> What is the affix used to inflect the word \"panguha\"? | F12: ="Ano ang panlapi na ginamit sa salitang " & "\" & """" & I12 & "\" & """" & "?" -> Ano ang panlapi na ginamit sa salitang \"panguha\"? | G12: =K12 -> pang- | H12: morphological_extraction_inflected_affix_extraction_00010 | I12: panguha | J12: kuha | K12: pang- | M12: prefix | N12: full assimilation (prefix)
A13: morphological_extraction | B13: inflected_affix_extraction | C13: =M13 -> prefix | D13: full_assimilation | E13: ="What is the affix used to inflect the word " & "\" & """" & I13 & "\" & """" & "?" -> What is the affix used to inflect the word \"panabas\"? | F13: ="Ano ang panlapi na ginamit sa salitang " & "\" & """" & I13 & "\" & """" & "?" -> Ano ang panlapi na ginamit sa salitang \"panabas\"? | G13: =K13 -> pang- | H13: morphological_extraction_inflected_affix_extraction_00011 | I13: panabas | J13: tabas | K13: pang- | M13: prefix | N13: full assimilation (prefix)
A14: morphological_extraction | B14: inflected_affix_extraction | C14: =M14 -> prefix | D14: full_assimilation | E14: ="What is the affix used to inflect the word " & "\" & """" & I14 & "\" & """" & "?" -> What is the affix used to inflect the word \"pamatay\"? | F14: ="Ano ang panlapi na ginamit sa salitang " & "\" & """" & I14 & "\" & """" & "?" -> Ano ang panlapi na ginamit sa salitang \"pamatay\"? | G14: =K14 -> pang- | H14: morphological_extraction_inflected_affix_extraction_00012 | I14: pamatay | J14: patay | K14: pang- | M14: prefix | N14: full assimilation (prefix)
... A64: morphological_extraction | B64: inflected_affix_extraction | C64: =M64 -> suffix | D64: phoneme_change | E64: ="What is the affix used to inflect the word " & "\" & """" & I64 & "\" & """" & "?" -> What is the affix used to inflect the word \"sabugan\"? | F64: ="Ano ang panlapi na ginamit sa salitang " & "\" & """" & I64 & "\" & """" & "?" -> Ano ang panlapi na ginamit sa salitang \"sabugan\"? | G64: =K64 -> -an | H64: morphological_extraction_inflected_affix_extraction_00062 | I64: sabugan | J64: sabog | K64: -an | M64: suffix | N64: phoneme change (suffix)
A65: morphological_extraction | B65: inflected_affix_extraction | C65: =M65 -> suffix | D65: phoneme_change | E65: ="What is the affix used to inflect the word " & "\" & """" & I65 & "\" & """" & "?" -> What is the affix used to inflect the word \"batuhin\"? | F65: ="Ano ang panlapi na ginamit sa salitang " & "\" & """" & I65 & "\" & """" & "?" -> Ano ang panlapi na ginamit sa salitang \"batuhin\"? | G65: =K65 -> -hin | H65: morphological_extraction_inflected_affix_extraction_00063 | I65: batuhin | J65: bato | K65: -hin | L65: -in | M65: suffix | N65: phoneme change (suffix)
A66: morphological_extraction | B66: inflected_affix_extraction | C66: =M66 -> suffix | D66: phoneme_change | E66: ="What is the affix used to inflect the word " & "\" & """" & I66 & "\" & """" & "?" -> What is the affix used to inflect the word \"sikuhin\"? | F66: ="Ano ang panlapi na ginamit sa salitang " & "\" & """" & I66 & "\" & """" & "?" -> Ano ang panlapi na ginamit sa salitang \"sikuhin\"? | G66: =K66 -> -hin | H66: morphological_extraction_inflected_affix_extraction_00064 | I66: sikuhin | J66: siko | K66: -hin | L66: -in | M66: suffix | N66: phoneme change (suffix)
A67: morphological_extraction | B67: inflected_affix_extraction | C67: =M67 -> suffix | D67: phoneme_change | E67: ="What is the affix used to inflect the word " & "\" & """" & I67 & "\" & """" & "?" -> What is the affix used to inflect the word \"puruhan\"? | F67: ="Ano ang panlapi na ginamit sa salitang " & "\" & """" & I67 & "\" & """" & "?" -> Ano ang panlapi na ginamit sa salitang \"puruhan\"? | G67: =K67 -> -han | H67: morphological_extraction_inflected_affix_extraction_00065 | I67: puruhan | J67: puro | K67: -han | L67: -an | M67: suffix | N67: phoneme change (suffix)
A68: morphological_extraction | B68: inflected_affix_extraction | C68: =M68 -> suffix | D68: phoneme_change | E68: ="What is the affix used to inflect the word " & "\" & """" & I68 & "\" & """" & "?" -> What is the affix used to inflect the word \"baguhin\"? | F68: ="Ano ang panlapi na ginamit sa salitang " & "\" & """" & I68 & "\" & """" & "?" -> Ano ang panlapi na ginamit sa salitang \"baguhin\"? | G68: =K68 -> -hin | H68: morphological_extraction_inflected_affix_extraction_00066 | I68: baguhin | J68: bago | K68: -hin | L68: -in | M68: suffix | N68: phoneme change (suffix)
A69: morphological_extraction | B69: inflected_affix_extraction | C69: =M69 -> suffix | D69: phoneme_change | E69: ="What is the affix used to inflect the word " & "\" & """" & I69 & "\" & """" & "?" -> What is the affix used to inflect the word \"uluhan\"? | F69: ="Ano ang panlapi na ginamit sa salitang " & "\" & """" & I69 & "\" & """" & "?" -> Ano ang panlapi na ginamit sa salitang \"uluhan\"? | G69: =K69 -> -han | H69: morphological_extraction_inflected_affix_extraction_00067 | I69: uluhan | J69: ulo | K69: -han | L69: -an | M69: suffix | N69: phoneme change (suffix)
A70: morphological_extraction | B70: inflected_affix_extraction | C70: =M70 -> suffix | D70: phoneme_change | E70: ="What is the affix used to inflect the word " & "\" & """" & I70 & "\" & """" & "?" -> What is the affix used to inflect the word \"guluhin\"? | F70: ="Ano ang panlapi na ginamit sa salitang " & "\" & """" & I70 & "\" & """" & "?" -> Ano ang panlapi na ginamit sa salitang \"guluhin\"? | G70: =K70 -> -hin | H70: morphological_extraction_inflected_affix_extraction_00068 | I70: guluhin | J70: gulo | K70: -hin | L70: -in | M70: suffix | N70: phoneme change (suffix)
A71: morphological_extraction | B71: inflected_affix_extraction | C71: =M71 -> suffix | D71: phoneme_change | E71: ="What is the affix used to inflect the word " & "\" & """" & I71 & "\" & """" & "?" -> What is the affix used to inflect the word \"tawanan\"? | F71: ="Ano ang panlapi na ginamit sa salitang " & "\" & """" & I71 & "\" & """" & "?" -> Ano ang panlapi na ginamit sa salitang \"tawanan\"? | G71: =K71 -> -han | H71: morphological_extraction_inflected_affix_extraction_00069 | I71: tawanan | J71: tawa | K71: -han | L71: -an | M71: suffix | N71: phoneme change (suffix)
A72: morphological_extraction | B72: inflected_affix_extraction | C72: =M72 -> suffix | D72: phoneme_deletion | E72: ="What is the affix used to inflect the word " & "\" & """" & I72 & "\" & """" & "?" -> What is the affix used to inflect the word \"takpan\"? | F72: ="Ano ang panlapi na ginamit sa salitang " & "\" & """" & I72 & "\" & """" & "?" -> Ano ang panlapi na ginamit sa salitang \"takpan\"? | G72: =K72 -> -an | H72: morphological_extraction_inflected_affix_extraction_00070 | I72: takpan | J72: takip | K72: -an | M72: suffix | N72: phoneme deletion (suffix)
A73: morphological_extraction | B73: inflected_affix_extraction | C73: =M73 -> suffix | D73: phoneme_deletion | E73: ="What is the affix used to inflect the word " & "\" & """" & I73 & "\" & """" & "?" -> What is the affix used to inflect the word \"saktan\"? | F73: ="Ano ang panlapi na ginamit sa salitang " & "\" & """" & I73 & "\" & """" & "?" -> Ano ang panlapi na ginamit sa salitang \"saktan\"? | G73: =K73 -> -an | H73: morphological_extraction_inflected_affix_extraction_00071 | I73: saktan | J73: sakit | K73: -an | M73: suffix | N73: phoneme deletion (suffix)
A74: morphological_extraction | B74: inflected_affix_extraction | C74: =M74 -> suffix | D74: phoneme_deletion | E74: ="What is the affix used to inflect the word " & "\" & """" & I74 & "\" & """" & "?" -> What is the affix used to inflect the word \"buksan\"? | F74: ="Ano ang panlapi na ginamit sa salitang " & "\" & """" & I74 & "\" & """" & "?" -> Ano ang panlapi na ginamit sa salitang \"buksan\"? | G74: =K74 -> -an | H74: morphological_extraction_inflected_affix_extraction_00072 | I74: buksan | J74: bukas | K74: -an | M74: suffix | N74: phoneme deletion (suffix)
A75: morphological_extraction | B75: inflected_affix_extraction | C75: =M75 -> suffix | D75: phoneme_deletion | E75: ="What is the affix used to inflect the word " & "\" & """" & I75 & "\" & """" & "?" -> What is the affix used to inflect the word \"sundin\"? | F75: ="Ano ang panlapi na ginamit sa salitang " & "\" & """" & I75 & "\" & """" & "?" -> Ano ang panlapi na ginamit sa salitang \"sundin\"? | G75: =K75 -> -in | H75: morphological_extraction_inflected_affix_extraction_00073 | I75: sundin | J75: sunod | K75: -in | M75: suffix | N75: phoneme deletion (suffix)
A76: morphological_extraction | B76: inflected_affix_extraction | C76: =M76 -> suffix | D76: phoneme_deletion | E76: ="What is the affix used to inflect the word " & "\" & """" & I76 & "\" & """" & "?" -> What is the affix used to inflect the word \"tupdin\"? | F76: ="Ano ang panlapi na ginamit sa salitang " & "\" & """" & I76 & "\" & """" & "?" -> Ano ang panlapi na ginamit sa salitang \"tupdin\"? | G76: =K76 -> -in | H76: morphological_extraction_inflected_affix_extraction_00074 | I76: tupdin | J76: tupad | K76: -in | M76: suffix | N76: phoneme deletion (suffix)
A77: morphological_extraction | B77: inflected_affix_extraction | C77: =M77 -> suffix | D77: phoneme_deletion | E77: ="What is the affix used to inflect the word " & "\" & """" & I77 & "\" & """" & "?" -> What is the affix used to inflect the word \"bigyan\"? | F77: ="Ano ang panlapi na ginamit sa salitang " & "\" & """" & I77 & "\" & """" & "?" -> Ano ang panlapi na ginamit sa salitang \"bigyan\"? | G77: =K77 -> -an | H77: morphological_extraction_inflected_affix_extraction_00075 | I77: bigyan | J77: bigay | K77: -an | M77: suffix | N77: phoneme deletion (suffix)
A78: morphological_extraction | B78: inflected_affix_extraction | C78: =M78 -> suffix | D78: phoneme_deletion | E78: ="What is the affix used to inflect the word " & "\" & """" & I78 & "\" & """" & "?" -> What is the affix used to inflect the word \"dinggin\"? | F78: ="Ano ang panlapi na ginamit sa salitang " & "\" & """" & I78 & "\" & """" & "?" -> Ano ang panlapi na ginamit sa salitang \"dinggin\"? | G78: =K78 -> -in | H78: morphological_extraction_inflected_affix_extraction_00076 | I78: dinggin | J78: dinig | K78: -in | M78: suffix | N78: phoneme deletion (suffix)
A79: morphological_extraction | B79: inflected_affix_extraction | C79: =M79 -> suffix | D79: phoneme_deletion | E79: ="What is the affix used to inflect the word " & "\" & """" & I79 & "\" & """" & "?" -> What is the affix used to inflect the word \"lagyan\"? | F79: ="Ano ang panlapi na ginamit sa salitang " & "\" & """" & I79 & "\" & """" & "?" -> Ano ang panlapi na ginamit sa salitang \"lagyan\"? | G79: =K79 -> -an | H79: morphological_extraction_inflected_affix_extraction_00077 | I79: lagyan | J79: lagay | K79: -an | M79: suffix | N79: phoneme deletion (suffix)
A80: morphological_extraction | B80: inflected_affix_extraction | C80: =M80 -> suffix | D80: phoneme_deletion | E80: ="What is the affix used to inflect the word " & "\" & """" & I80 & "\" & """" & "?" -> What is the affix used to inflect the word \"tikman\"? | F80: ="Ano ang panlapi na ginamit sa salitang " & "\" & """" & I80 & "\" & """" & "?" -> Ano ang panlapi na ginamit sa salitang \"tikman\"? | G80: =K80 -> -an | H80: morphological_extraction_inflected_affix_extraction_00078 | I80: tikman | J80: tikim | K80: -an | M80: suffix | N80: phoneme deletion (suffix)
A81: morphological_extraction | B81: inflected_affix_extraction | C81: =M81 -> suffix | D81: phoneme_deletion | E81: ="What is the affix used to inflect the word " & "\" & """" & I81 & "\" & """" & "?" -> What is the affix used to inflect the word \"bilhin\"? | F81: ="Ano ang panlapi na ginamit sa salitang " & "\" & """" & I81 & "\" & """" & "?" -> Ano ang panlapi na ginamit sa salitang \"bilhin\"? | G81: =K81 -> -hin | H81: morphological_extraction_inflected_affix_extraction_00079 | I81: bilhin | J81: bili | K81: -hin | L81: -in | M81: suffix | N81: phoneme deletion (suffix)
A82: morphological_extraction | B82: inflected_affix_extraction | C82: =M82 -> suffix | D82: regular_inflection | E82: ="What is the affix used to inflect the word " & "\" & """" & I82 & "\" & """" & "?" -> What is the affix used to inflect the word \"takasan\"? | F82: ="Ano ang panlapi na ginamit sa salitang " & "\" & """" & I82 & "\" & """" & "?" -> Ano ang panlapi na ginamit sa salitang \"takasan\"? | G82: =K82 -> -an | H82: morphological_extraction_inflected_affix_extraction_00080 | I82: takasan | J82: takas | K82: -an | M82: suffix | N82: regular inflection
A83: morphological_extraction | B83: inflected_affix_extraction | C83: =M83 -> suffix | D83: regular_inflection | E83: ="What is the affix used to inflect the word " & "\" & """" & I83 & "\" & """" & "?" -> What is the affix used to inflect the word \"labanan\"? | F83: ="Ano ang panlapi na ginamit sa salitang " & "\" & """" & I83 & "\" & """" & "?" -> Ano ang panlapi na ginamit sa salitang \"labanan\"? | G83: =K83 -> -an | H83: morphological_extraction_inflected_affix_extraction_00081 | I83: labanan | J83: laban | K83: -an | M83: suffix | N83: regular inflection
A84: morphological_extraction | B84: inflected_affix_extraction | C84: =M84 -> suffix | D84: regular_inflection | E84: ="What is the affix used to inflect the word " & "\" & """" & I84 & "\" & """" & "?" -> What is the affix used to inflect the word \"sulatan\"? | F84: ="Ano ang panlapi na ginamit sa salitang " & "\" & """" & I84 & "\" & """" & "?" -> Ano ang panlapi na ginamit sa salitang \"sulatan\"? | G84: =K84 -> -an | H84: morphological_extraction_inflected_affix_extraction_00082 | I84: sulatan | J84: sulat | K84: -an | M84: suffix | N84: regular inflection
A85: morphological_extraction | B85: inflected_affix_extraction | C85: =M85 -> suffix | D85: regular_inflection | E85: ="What is the affix used to inflect the word " & "\" & """" & I85 & "\" & """" & "?" -> What is the affix used to inflect the word \"titigan\"? | F85: ="Ano ang panlapi na ginamit sa salitang " & "\" & """" & I85 & "\" & """" & "?" -> Ano ang panlapi na ginamit sa salitang \"titigan\"? | G85: =K85 -> -an | H85: morphological_extraction_inflected_affix_extraction_00083 | I85: titigan | J85: titig | K85: -an | M85: suffix | N85: regular inflection
A86: morphological_extraction | B86: inflected_affix_extraction | C86: =M86 -> suffix | D86: regular_inflection | E86: ="What is the affix used to inflect the word " & "\" & """" & I86 & "\" & """" & "?" -> What is the affix used to inflect the word \"awitan\"? | F86: ="Ano ang panlapi na ginamit sa salitang " & "\" & """" & I86 & "\" & """" & "?" -> Ano ang panlapi na ginamit sa salitang \"awitan\"? | G86: =K86 -> -an | H86: morphological_extraction_inflected_affix_extraction_00084 | I86: awitan | J86: awit | K86: -an | M86: suffix | N86: regular inflection
A87: morphological_extraction | B87: inflected_affix_extraction | C87: =M87 -> suffix | D87: regular_inflection | E87: ="What is the affix used to inflect the word " & "\" & """" & I87 & "\" & """" & "?" -> What is the affix used to inflect the word \"asahan\"? | F87: ="Ano ang panlapi na ginamit sa salitang " & "\" & """" & I87 & "\" & """" & "?" -> Ano ang panlapi na ginamit sa salitang \"asahan\"? | G87: =K87 -> -han | H87: morphological_extraction_inflected_affix_extraction_00085 | I87: asahan | J87: asa | K87: -han | L87: -an | M87: suffix | N87: regular inflection
A88: morphological_extraction | B88: inflected_affix_extraction | C88: =M88 -> suffix | D88: regular_inflection | E88: ="What is the affix used to inflect the word " & "\" & """" & I88 & "\" & """" & "?" -> What is the affix used to inflect the word \"abonohan\"? | F88: ="Ano ang panlapi na ginamit sa salitang " & "\" & """" & I88 & "\" & """" & "?" -> Ano ang panlapi na ginamit sa salitang \"abonohan\"? | G88: =K88 -> -han | H88: morphological_extraction_inflected_affix_extraction_00086 | I88: abonohan | J88: abono | K88: -han | L88: -an | M88: suffix | N88: regular inflection
A89: morphological_extraction | B89: inflected_affix_extraction | C89: =M89 -> suffix | D89: regular_inflection | E89: ="What is the affix used to inflect the word " & "\" & """" & I89 & "\" & """" & "?" -> What is the affix used to inflect the word \"suportahan\"? | F89: ="Ano ang panlapi na ginamit sa salitang " & "\" & """" & I89 & "\" & """" & "?" -> Ano ang panlapi na ginamit sa salitang \"suportahan\"? | G89: =K89 -> -han | H89: morphological_extraction_inflected_affix_extraction_00087 | I89: suportahan | J89: suporta | K89: -han | L89: -an | M89: suffix | N89: regular inflection
A90: morphological_extraction | B90: inflected_affix_extraction | C90: =M90 -> suffix | D90: regular_inflection | E90: ="What is the affix used to inflect the word " & "\" & """" & I90 & "\" & """" & "?" -> What is the affix used to inflect the word \"agahan\"? | F90: ="Ano ang panlapi na ginamit sa salitang " & "\" & """" & I90 & "\" & """" & "?" -> Ano ang panlapi na ginamit sa salitang \"agahan\"? | G90: =K90 -> -han | H90: morphological_extraction_inflected_affix_extraction_00088 | I90: agahan | J90: aga | K90: -han | L90: -an | M90: suffix | N90: regular inflection
A91: morphological_extraction | B91: inflected_affix_extraction | C91: =M91 -> suffix | D91: regular_inflection | E91: ="What is the affix used to inflect the word " & "\" & """" & I91 & "\" & """" & "?" -> What is the affix used to inflect the word \"gandahan\"? | F91: ="Ano ang panlapi na ginamit sa salitang " & "\" & """" & I91 & "\" & """" & "?" -> Ano ang panlapi na ginamit sa salitang \"gandahan\"? | G91: =K91 -> -han | H91: morphological_extraction_inflected_affix_extraction_00089 | I91: gandahan | J91: ganda | K91: -han | L91: -an | M91: suffix | N91: regular inflection
A92: morphological_extraction | B92: inflected_affix_extraction | C92: =M92 -> suffix | D92: regular_inflection | E92: ="What is the affix used to inflect the word " & "\" & """" & I92 & "\" & """" & "?" -> What is the affix used to inflect the word \"alisin\"? | F92: ="Ano ang panlapi na ginamit sa salitang " & "\" & """" & I92 & "\" & """" & "?" -> Ano ang panlapi na ginamit sa salitang \"alisin\"? | G92: =K92 -> -in | H92: morphological_extraction_inflected_affix_extraction_00090 | I92: alisin | J92: alis | K92: -in | M92: suffix | N92: regular inflection
A93: morphological_extraction | B93: inflected_affix_extraction | C93: =M93 -> suffix | D93: regular_inflection | E93: ="What is the affix used to inflect the word " & "\" & """" & I93 & "\" & """" & "?" -> What is the affix used to inflect the word \"walisin\"? | F93: ="Ano ang panlapi na ginamit sa salitang " & "\" & """" & I93 & "\" & """" & "?" -> Ano ang panlapi na ginamit sa salitang \"walisin\"? | G93: =K93 -> -in | H93: morphological_extraction_inflected_affix_extraction_00091 | I93: walisin | J93: walis | K93: -in | M93: suffix | N93: regular inflection
A94: morphological_extraction | B94: inflected_affix_extraction | C94: =M94 -> suffix | D94: regular_inflection | E94: ="What is the affix used to inflect the word " & "\" & """" & I94 & "\" & """" & "?" -> What is the affix used to inflect the word \"galawin\"? | F94: ="Ano ang panlapi na ginamit sa salitang " & "\" & """" & I94 & "\" & """" & "?" -> Ano ang panlapi na ginamit sa salitang \"galawin\"? | G94: =K94 -> -in | H94: morphological_extraction_inflected_affix_extraction_00092 | I94: galawin | J94: galaw | K94: -in | M94: suffix | N94: regular inflection
A95: morphological_extraction | B95: inflected_affix_extraction | C95: =M95 -> suffix | D95: regular_inflection | E95: ="What is the affix used to inflect the word " & "\" & """" & I95 & "\" & """" & "?" -> What is the affix used to inflect the word \"langgamin\"? | F95: ="Ano ang panlapi na ginamit sa salitang " & "\" & """" & I95 & "\" & """" & "?" -> Ano ang panlapi na ginamit sa salitang \"langgamin\"? | G95: =K95 -> -in | H95: morphological_extraction_inflected_affix_extraction_00093 | I95: langgamin | J95: langgam | K95: -in | M95: suffix | N95: regular inflection
A96: morphological_extraction | B96: inflected_affix_extraction | C96: =M96 -> suffix | D96: regular_inflection | E96: ="What is the affix used to inflect the word " & "\" & """" & I96 & "\" & """" & "?" -> What is the affix used to inflect the word \"buhayin\"? | F96: ="Ano ang panlapi na ginamit sa salitang " & "\" & """" & I96 & "\" & """" & "?" -> Ano ang panlapi na ginamit sa salitang \"buhayin\"? | G96: =K96 -> -in | H96: morphological_extraction_inflected_affix_extraction_00094 | I96: buhayin | J96: buhay | K96: -in | M96: suffix | N96: regular inflection
A97: morphological_extraction | B97: inflected_affix_extraction | C97: =M97 -> suffix | D97: regular_inflection | E97: ="What is the affix used to inflect the word " & "\" & """" & I97 & "\" & """" & "?" -> What is the affix used to inflect the word \"sisihin\"? | F97: ="Ano ang panlapi na ginamit sa salitang " & "\" & """" & I97 & "\" & """" & "?" -> Ano ang panlapi na ginamit sa salitang \"sisihin\"? | G97: =K97 -> -hin | H97: morphological_extraction_inflected_affix_extraction_00095 | I97: sisihin | J97: sisi | K97: -hin | L97: -in | M97: suffix | N97: regular inflection
A98: morphological_extraction | B98: inflected_affix_extraction | C98: =M98 -> suffix | D98: regular_inflection | E98: ="What is the affix used to inflect the word " & "\" & """" & I98 & "\" & """" & "?" -> What is the affix used to inflect the word \"sabihin\"? | F98: ="Ano ang panlapi na ginamit sa salitang " & "\" & """" & I98 & "\" & """" & "?" -> Ano ang panlapi na ginamit sa salitang \"sabihin\"? | G98: =K98 -> -hin | H98: morphological_extraction_inflected_affix_extraction_00096 | I98: sabihin | J98: sabi | K98: -hin | L98: -in | M98: suffix | N98: regular inflection
A99: morphological_extraction | B99: inflected_affix_extraction | C99: =M99 -> suffix | D99: regular_inflection | E99: ="What is the affix used to inflect the word " & "\" & """" & I99 & "\" & """" & "?" -> What is the affix used to inflect the word \"punahin\"? | F99: ="Ano ang panlapi na ginamit sa salitang " & "\" & """" & I99 & "\" & """" & "?" -> Ano ang panlapi na ginamit sa salitang \"punahin\"? | G99: =K99 -> -hin | H99: morphological_extraction_inflected_affix_extraction_00097 | I99: punahin | J99: puna | K99: -hin | L99: -in | M99: suffix | N99: regular inflection
A100: morphological_extraction | B100: inflected_affix_extraction | C100: =M100 -> suffix | D100: regular_inflection | E100: ="What is the affix used to inflect the word " & "\" & """" & I100 & "\" & """" & "?" -> What is the affix used to inflect the word \"tablahin\"? | F100: ="Ano ang panlapi na ginamit sa salitang " & "\" & """" & I100 & "\" & """" & "?" -> Ano ang panlapi na ginamit sa salitang \"tablahin\"? | G100: =K100 -> -hin | H100: morphological_extraction_inflected_affix_extraction_00098 | I100: tablahin | J100: tabla | K100: -hin | L100: -in | M100: suffix | N100: regular inflection
A101: morphological_extraction | B101: inflected_affix_extraction | C101: =M101 -> suffix | D101: regular_inflection | E101: ="What is the affix used to inflect the word " & "\" & """" & I101 & "\" & """" & "?" -> What is the affix used to inflect the word \"unahin\"? | F101: ="Ano ang panlapi na ginamit sa salitang " & "\" & """" & I101 & "\" & """" & "?" -> Ano ang panlapi na ginamit sa salitang \"unahin\"? | G101: =K101 -> -hin | H101: morphological_extraction_inflected_affix_extraction_00099 | I101: unahin | J101: una | K101: -hin | L101: -in | M101: suffix | N101: regular inflection
A102: morphological_extraction | B102: inflected_affix_extraction | C102: =M102 -> infix | D102: metathesis | E102: ="What is the affix used to inflect the word " & "\" & """" & I102 & "\" & """" & "?" -> What is the affix used to inflect the word \"nilipad\"? | F102: ="Ano ang panlapi na ginamit sa salitang " & "\" & """" & I102 & "\" & """" & "?" -> Ano ang panlapi na ginamit sa salitang \"nilipad\"? | G102: =K102 -> -in- | H102: morphological_extraction_inflected_affix_extraction_00100 | I102: nilipad | J102: lipad | K102: -in- | M102: infix | N102: metathesis (infix)
A103: morphological_extraction | B103: inflected_affix_extraction | C103: =M103 -> infix | D103: metathesis | E103: ="What is the affix used to inflect the word " & "\" & """" & I103 & "\" & """" & "?" -> What is the affix used to inflect the word \"nilangaw\"? | F103: ="Ano ang panlapi na ginamit sa salitang " & "\" & """" & I103 & "\" & """" & "?" -> Ano ang panlapi na ginamit sa salitang \"nilangaw\"? | G103: =K103 -> -in- | H103: morphological_extraction_inflected_affix_extraction_00101 | I103: nilangaw | J103: langaw | K103: -in- | M103: infix | N103: metathesis (infix)
A104: morphological_extraction | B104: inflected_affix_extraction | C104: =M104 -> infix | D104: metathesis | E104: ="What is the affix used to inflect the word " & "\" & """" & I104 & "\" & """" & "?" -> What is the affix used to inflect the word \"nilibot\"? | F104: ="Ano ang panlapi na ginamit sa salitang " & "\" & """" & I104 & "\" & """" & "?" -> Ano ang panlapi na ginamit sa salitang \"nilibot\"? | G104: =K104 -> -in- | H104: morphological_extraction_inflected_affix_extraction_00102 | I104: nilibot | J104: libot | K104: -in- | M104: infix | N104: metathesis (infix)
A105: morphological_extraction | B105: inflected_affix_extraction | C105: =M105 -> infix | D105: metathesis | E105: ="What is the affix used to inflect the word " & "\" & """" & I105 & "\" & """" & "?" -> What is the affix used to inflect the word \"nilisan\"? | F105: ="Ano ang panlapi na ginamit sa salitang " & "\" & """" & I105 & "\" & """" & "?" -> Ano ang panlapi na ginamit sa salitang \"nilisan\"? | G105: =K105 -> -in- | H105: morphological_extraction_inflected_affix_extraction_00103 | I105: nilisan | J105: lisan | K105: -in- | M105: infix | N105: metathesis (infix)
A106: morphological_extraction | B106: inflected_affix_extraction | C106: =M106 -> infix | D106: metathesis | E106: ="What is the affix used to inflect the word " & "\" & """" & I106 & "\" & """" & "?" -> What is the affix used to inflect the word \"nilito\"? | F106: ="Ano ang panlapi na ginamit sa salitang " & "\" & """" & I106 & "\" & """" & "?" -> Ano ang panlapi na ginamit sa salitang \"nilito\"? | G106: =K106 -> -in- | H106: morphological_extraction_inflected_affix_extraction_00104 | I106: nilito | J106: lito | K106: -in- | M106: infix | N106: metathesis (infix)
A107: morphological_extraction | B107: inflected_affix_extraction | C107: =M107 -> infix | D107: metathesis | E107: ="What is the affix used to inflect the word " & "\" & """" & I107 & "\" & """" & "?" -> What is the affix used to inflect the word \"nilagay\"? | F107: ="Ano ang panlapi na ginamit sa salitang " & "\" & """" & I107 & "\" & """" & "?" -> Ano ang panlapi na ginamit sa salitang \"nilagay\"? | G107: =K107 -> -in- | H107: morphological_extraction_inflected_affix_extraction_00105 | I107: nilagay | J107: lagay | K107: -in- | M107: infix | N107: metathesis (infix)
A108: morphological_extraction | B108: inflected_affix_extraction | C108: =M108 -> infix | D108: metathesis | E108: ="What is the affix used to inflect the word " & "\" & """" & I108 & "\" & """" & "?" -> What is the affix used to inflect the word \"nilason\"? | F108: ="Ano ang panlapi na ginamit sa salitang " & "\" & """" & I108 & "\" & """" & "?" -> Ano ang panlapi na ginamit sa salitang \"nilason\"? | G108: =K108 -> -in- | H108: morphological_extraction_inflected_affix_extraction_00106 | I108: nilason | J108: lason | K108: -in- | M108: infix | N108: metathesis (infix)
A109: morphological_extraction | B109: inflected_affix_extraction | C109: =M109 -> infix | D109: metathesis | E109: ="What is the affix used to inflect the word " & "\" & """" & I109 & "\" & """" & "?" -> What is the affix used to inflect the word \"niluklok\"? | F109: ="Ano ang panlapi na ginamit sa salitang " & "\" & """" & I109 & "\" & """" & "?" -> Ano ang panlapi na ginamit sa salitang \"niluklok\"? | G109: =K109 -> -in- | H109: morphological_extraction_inflected_affix_extraction_00107 | I109: niluklok | J109: luklok | K109: -in- | M109: infix | N109: metathesis (infix)
A110: morphological_extraction | B110: inflected_affix_extraction | C110: =M110 -> infix | D110: metathesis | E110: ="What is the affix used to inflect the word " & "\" & """" & I110 & "\" & """" & "?" -> What is the affix used to inflect the word \"niloko\"? | F110: ="Ano ang panlapi na ginamit sa salitang " & "\" & """" & I110 & "\" & """" & "?" -> Ano ang panlapi na ginamit sa salitang \"niloko\"? | G110: =K110 -> -in- | H110: morphological_extraction_inflected_affix_extraction_00108 | I110: niloko | J110: loko | K110: -in- | M110: infix | N110: metathesis (infix)
A111: morphological_extraction | B111: inflected_affix_extraction | C111: =M111 -> infix | D111: metathesis | E111: ="What is the affix used to inflect the word " & "\" & """" & I111 & "\" & """" & "?" -> What is the affix used to inflect the word \"nilagari\"? | F111: ="Ano ang panlapi na ginamit sa salitang " & "\" & """" & I111 & "\" & """" & "?" -> Ano ang panlapi na ginamit sa salitang \"nilagari\"? | G111: =K111 -> -in- | H111: morphological_extraction_inflected_affix_extraction_00109 | I111: nilagari | J111: lagari | K111: -in- | M111: infix | N111: metathesis (infix)
A112: morphological_extraction | B112: inflected_affix_extraction | C112: =M112 -> infix | D112: metathesis | E112: ="What is the affix used to inflect the word " & "\" & """" & I112 & "\" & """" & "?" -> What is the affix used to inflect the word \"nilatigo\"? | F112: ="Ano ang panlapi na ginamit sa salitang " & "\" & """" & I112 & "\" & """" & "?" -> Ano ang panlapi na ginamit sa salitang \"nilatigo\"? | G112: =K112 -> -in- | H112: morphological_extraction_inflected_affix_extraction_00110 | I112: nilatigo | J112: latigo | K112: -in- | M112: infix | N112: metathesis (infix)
A113: morphological_extraction | B113: inflected_affix_extraction | C113: =M113 -> infix | D113: metathesis | E113: ="What is the affix used to inflect the word " & "\" & """" & I113 & "\" & """" & "?" -> What is the affix used to inflect the word \"nilaban\"? | F113: ="Ano ang panlapi na ginamit sa salitang " & "\" & """" & I113 & "\" & """" & "?" -> Ano ang panlapi na ginamit sa salitang \"nilaban\"? | G113: =K113 -> -in- | H113: morphological_extraction_inflected_affix_extraction_00111 | I113: nilaban | J113: laban | K113: -in- | M113: infix | N113: metathesis (infix)
... A151: morphological_extraction | B151: inflected_affix_extraction | C151: =M151 -> infix | D151: regular_inflection | E151: ="What is the affix used to inflect the word " & "\" & """" & I151 & "\" & """" & "?" -> What is the affix used to inflect the word \"umasta\"? | F151: ="Ano ang panlapi na ginamit sa salitang " & "\" & """" & I151 & "\" & """" & "?" -> Ano ang panlapi na ginamit sa salitang \"umasta\"? | G151: =K151 -> -um- | H151: morphological_extraction_inflected_affix_extraction_00149 | I151: umasta | J151: asta | K151: -um- | M151: infix | N151: regular inflection
A152: morphological_extraction | B152: inflected_affix_extraction | C152: =M152 -> circumfix | D152: regular_inflection | E152: ="What is the prefix used to inflect the word " & "\" & """" & I152 & "\" & """" & "?" -> What is the prefix used to inflect the word \"pinaglabanan\"? | F152: ="Ano ang unlapi na ginamit sa salitang " & "\" & """" & I152 & "\" & """" & "?" -> Ano ang unlapi na ginamit sa salitang \"pinaglabanan\"? | G152: =LEFT(K152, FIND("+", K152) - 1) -> pinag- | H152: morphological_extraction_inflected_affix_extraction_00150 | I152: pinaglabanan | J152: laban | K152: pinag-+-an | M152: circumfix | N152: regular inflection
A153: morphological_extraction | B153: inflected_affix_extraction | C153: =M153 -> circumfix | D153: regular_inflection | E153: ="What is the prefix used to inflect the word " & "\" & """" & I153 & "\" & """" & "?" -> What is the prefix used to inflect the word \"pagsabihan\"? | F153: ="Ano ang unlapi na ginamit sa salitang " & "\" & """" & I153 & "\" & """" & "?" -> Ano ang unlapi na ginamit sa salitang \"pagsabihan\"? | G153: =LEFT(K153, FIND("+", K153) - 1) -> pag- | H153: morphological_extraction_inflected_affix_extraction_00151 | I153: pagsabihan | J153: sabi | K153: pag-+-han | M153: circumfix | N153: regular inflection
A154: morphological_extraction | B154: inflected_affix_extraction | C154: =M154 -> circumfix | D154: phoneme_change | E154: ="What is the prefix used to inflect the word " & "\" & """" & I154 & "\" & """" & "?" -> What is the prefix used to inflect the word \"pagtulungan\"? | F154: ="Ano ang unlapi na ginamit sa salitang " & "\" & """" & I154 & "\" & """" & "?" -> Ano ang unlapi na ginamit sa salitang \"pagtulungan\"? | G154: =LEFT(K154, FIND("+", K154) - 1) -> pag- | H154: morphological_extraction_inflected_affix_extraction_00152 | I154: pagtulungan | J154: tulong | K154: pag-+-an | M154: circumfix | N154: phoneme change (suffix)
A155: morphological_extraction | B155: inflected_affix_extraction | C155: =M155 -> circumfix | D155: regular_inflection | E155: ="What is the prefix used to inflect the word " & "\" & """" & I155 & "\" & """" & "?" -> What is the prefix used to inflect the word \"magtawagan\"? | F155: ="Ano ang unlapi na ginamit sa salitang " & "\" & """" & I155 & "\" & """" & "?" -> Ano ang unlapi na ginamit sa salitang \"magtawagan\"? | G155: =LEFT(K155, FIND("+", K155) - 1) -> mag- | H155: morphological_extraction_inflected_affix_extraction_00153 | I155: magtawagan | J155: tawag | K155: mag-+-an | M155: circumfix | N155: regular inflection
A156: morphological_extraction | B156: inflected_affix_extraction | C156: =M156 -> circumfix | D156: phoneme_change | E156: ="What is the prefix used to inflect the word " & "\" & """" & I156 & "\" & """" & "?" -> What is the prefix used to inflect the word \"magtulungan\"? | F156: ="Ano ang unlapi na ginamit sa salitang " & "\" & """" & I156 & "\" & """" & "?" -> Ano ang unlapi na ginamit sa salitang \"magtulungan\"? | G156: =LEFT(K156, FIND("+", K156) - 1) -> mag- | H156: morphological_extraction_inflected_affix_extraction_00154 | I156: magtulungan | J156: tulong | K156: mag-+-an | M156: circumfix | N156: phoneme change (suffix)
A157: morphological_extraction | B157: inflected_affix_extraction | C157: =M157 -> circumfix | D157: regular_inflection | E157: ="What is the prefix used to inflect the word " & "\" & """" & I157 & "\" & """" & "?" -> What is the prefix used to inflect the word \"nagkampihan\"? | F157: ="Ano ang unlapi na ginamit sa salitang " & "\" & """" & I157 & "\" & """" & "?" -> Ano ang unlapi na ginamit sa salitang \"nagkampihan\"? | G157: =LEFT(K157, FIND("+", K157) - 1) -> nag- | H157: morphological_extraction_inflected_affix_extraction_00155 | I157: nagkampihan | J157: kampi | K157: nag-+-han | M157: circumfix | N157: regular inflection
A158: morphological_extraction | B158: inflected_affix_extraction | C158: =M158 -> circumfix | D158: regular_inflection | E158: ="What is the prefix used to inflect the word " & "\" & """" & I158 & "\" & """" & "?" -> What is the prefix used to inflect the word \"nagsisihan\"? | F158: ="Ano ang unlapi na ginamit sa salitang " & "\" & """" & I158 & "\" & """" & "?" -> Ano ang unlapi na ginamit sa salitang \"nagsisihan\"? | G158: =LEFT(K158, FIND("+", K158) - 1) -> nag- | H158: morphological_extraction_inflected_affix_extraction_00156 | I158: nagsisihan | J158: sisi | K158: nag-+-han | M158: circumfix | N158: regular inflection
A159: morphological_extraction | B159: inflected_affix_extraction | C159: =M159 -> circumfix | D159: regular_inflection | E159: ="What is the prefix used to inflect the word " & "\" & """" & I159 & "\" & """" & "?" -> What is the prefix used to inflect the word \"nakipaglandian\"? | F159: ="Ano ang unlapi na ginamit sa salitang " & "\" & """" & I159 & "\" & """" & "?" -> Ano ang unlapi na ginamit sa salitang \"nakipaglandian\"? | G159: =LEFT(K159, FIND("+", K159) - 1) -> nakipag- | H159: morphological_extraction_inflected_affix_extraction_00157 | I159: nakipaglandian | J159: landi | K159: nakipag-+-an | M159: circumfix | N159: regular inflection
A160: morphological_extraction | B160: inflected_affix_extraction | C160: =M160 -> circumfix | D160: phoneme_change | E160: ="What is the prefix used to inflect the word " & "\" & """" & I160 & "\" & """" & "?" -> What is the prefix used to inflect the word \"nakipagsagutan\"? | F160: ="Ano ang unlapi na ginamit sa salitang " & "\" & """" & I160 & "\" & """" & "?" -> Ano ang unlapi na ginamit sa salitang \"nakipagsagutan\"? | G160: =LEFT(K160, FIND("+", K160) - 1) -> nakipag- | H160: morphological_extraction_inflected_affix_extraction_00158 | I160: nakipagsagutan | J160: sagot | K160: nakipag-+-an | M160: circumfix | N160: phoneme change (suffix)
A161: morphological_extraction | B161: inflected_affix_extraction | C161: =M161 -> circumfix | D161: regular_inflection | E161: ="What is the prefix used to inflect the word " & "\" & """" & I161 & "\" & """" & "?" -> What is the prefix used to inflect the word \"makipag-unahan\"? | F161: ="Ano ang unlapi na ginamit sa salitang " & "\" & """" & I161 & "\" & """" & "?" -> Ano ang unlapi na ginamit sa salitang \"makipag-unahan\"? | G161: =LEFT(K161, FIND("+", K161) - 1) -> makipag- | H161: morphological_extraction_inflected_affix_extraction_00159 | I161: makipag-unahan | J161: una | K161: makipag-+-han | L161: makipag-+-an | M161: circumfix | N161: regular inflection
A162: morphological_extraction | B162: inflected_affix_extraction | C162: =M162 -> circumfix | D162: regular_inflection | E162: ="What is the prefix used to inflect the word " & "\" & """" & I162 & "\" & """" & "?" -> What is the prefix used to inflect the word \"makipagpalitan\"? | F162: ="Ano ang unlapi na ginamit sa salitang " & "\" & """" & I162 & "\" & """" & "?" -> Ano ang unlapi na ginamit sa salitang \"makipagpalitan\"? | G162: =LEFT(K162, FIND("+", K162) - 1) -> makipag- | H162: morphological_extraction_inflected_affix_extraction_00160 | I162: makipagpalitan | J162: palit | K162: makipag-+-an | M162: circumfix | N162: regular inflection
A163: morphological_extraction | B163: inflected_affix_extraction | C163: =M163 -> circumfix | D163: regular_inflection | E163: ="What is the prefix used to inflect the word " & "\" & """" & I163 & "\" & """" & "?" -> What is the prefix used to inflect the word \"makipagsapakan\"? | F163: ="Ano ang unlapi na ginamit sa salitang " & "\" & """" & I163 & "\" & """" & "?" -> Ano ang unlapi na ginamit sa salitang \"makipagsapakan\"? | G163: =LEFT(K163, FIND("+", K163) - 1) -> makipag- | H163: morphological_extraction_inflected_affix_extraction_00161 | I163: makipagsapakan | J163: sapak | K163: makipag-+-an | M163: circumfix | N163: regular inflection
A164: morphological_extraction | B164: inflected_affix_extraction | C164: =M164 -> circumfix | D164: phoneme_deletion | E164: ="What is the prefix used to inflect the word " & "\" & """" & I164 & "\" & """" & "?" -> What is the prefix used to inflect the word \"malaman\"? | F164: ="Ano ang unlapi na ginamit sa salitang " & "\" & """" & I164 & "\" & """" & "?" -> Ano ang unlapi na ginamit sa salitang \"malaman\"? | G164: =LEFT(K164, FIND("+", K164) - 1) -> ma- | H164: morphological_extraction_inflected_affix_extraction_00162 | I164: malaman | J164: alam | K164: ma-+-an | M164: circumfix | N164: phoneme deletion (prefix)
A165: morphological_extraction | B165: inflected_affix_extraction | C165: =M165 -> circumfix | D165: phoneme_change | E165: ="What is the prefix used to inflect the word " & "\" & """" & I165 & "\" & """" & "?" -> What is the prefix used to inflect the word \"matutuhan\"? | F165: ="Ano ang unlapi na ginamit sa salitang " & "\" & """" & I165 & "\" & """" & "?" -> Ano ang unlapi na ginamit sa salitang \"matutuhan\"? | G165: =LEFT(K165, FIND("+", K165) - 1) -> ma- | H165: morphological_extraction_inflected_affix_extraction_00163 | I165: matutuhan | J165: tuto | K165: ma-+-han | L165: ma-+-an | M165: circumfix | N165: phoneme change (suffix)
A166: morphological_extraction | B166: inflected_affix_extraction | C166: =M166 -> circumfix | D166: phoneme_change | E166: ="What is the prefix used to inflect the word " & "\" & """" & I166 & "\" & """" & "?" -> What is the prefix used to inflect the word \"patulugin\"? | F166: ="Ano ang unlapi na ginamit sa salitang " & "\" & """" & I166 & "\" & """" & "?" -> Ano ang unlapi na ginamit sa salitang \"patulugin\"? | G166: =LEFT(K166, FIND("+", K166) - 1) -> pa- | H166: morphological_extraction_inflected_affix_extraction_00164 | I166: patulugin | J166: tulog | K166: pa-+-in | M166: circumfix | N166: phoneme change (suffix)
A167: morphological_extraction | B167: inflected_affix_extraction | C167: =M167 -> circumfix | D167: phoneme_change | E167: ="What is the prefix used to inflect the word " & "\" & """" & I167 & "\" & """" & "?" -> What is the prefix used to inflect the word \"papasukin\"? | F167: ="Ano ang unlapi na ginamit sa salitang " & "\" & """" & I167 & "\" & """" & "?" -> Ano ang unlapi na ginamit sa salitang \"papasukin\"? | G167: =LEFT(K167, FIND("+", K167) - 1) -> pa- | H167: morphological_extraction_inflected_affix_extraction_00165 | I167: papasukin | J167: pasok | K167: pa-+-in | M167: circumfix | N167: phoneme change (suffix)
A168: morphological_extraction | B168: inflected_affix_extraction | C168: =M168 -> circumfix | D168: regular_inflection | E168: ="What is the prefix used to inflect the word " & "\" & """" & I168 & "\" & """" & "?" -> What is the prefix used to inflect the word \"paglinisin\"? | F168: ="Ano ang unlapi na ginamit sa salitang " & "\" & """" & I168 & "\" & """" & "?" -> Ano ang unlapi na ginamit sa salitang \"paglinisin\"? | G168: =LEFT(K168, FIND("+", K168) - 1) -> pag- | H168: morphological_extraction_inflected_affix_extraction_00166 | I168: paglinisin | J168: linis | K168: pag-+-in | M168: circumfix | N168: regular inflection
A169: morphological_extraction | B169: inflected_affix_extraction | C169: =M169 -> circumfix | D169: regular_inflection | E169: ="What is the prefix used to inflect the word " & "\" & """" & I169 & "\" & """" & "?" -> What is the prefix used to inflect the word \"pag-aralin\"? | F169: ="Ano ang unlapi na ginamit sa salitang " & "\" & """" & I169 & "\" & """" & "?" -> Ano ang unlapi na ginamit sa salitang \"pag-aralin\"? | G169: =LEFT(K169, FIND("+", K169) - 1) -> pag- | H169: morphological_extraction_inflected_affix_extraction_00167 | I169: pag-aralin | J169: aral | K169: pag-+-in | M169: circumfix | N169: regular inflection
A170: morphological_extraction | B170: inflected_affix_extraction | C170: =M170 -> circumfix | D170: regular_inflection | E170: ="What is the prefix used to inflect the word " & "\" & """" & I170 & "\" & """" & "?" -> What is the prefix used to inflect the word \"palakasan\"? | F170: ="Ano ang unlapi na ginamit sa salitang " & "\" & """" & I170 & "\" & """" & "?" -> Ano ang unlapi na ginamit sa salitang \"palakasan\"? | G170: =LEFT(K170, FIND("+", K170) - 1) -> pa- | H170: morphological_extraction_inflected_affix_extraction_00168 | I170: palakasan | J170: lakas | K170: pa-+-an | M170: circumfix | N170: regular inflection
A171: morphological_extraction | B171: inflected_affix_extraction | C171: =M171 -> circumfix | D171: regular_inflection | E171: ="What is the prefix used to inflect the word " & "\" & """" & I171 & "\" & """" & "?" -> What is the prefix used to inflect the word \"patawagan\"? | F171: ="Ano ang unlapi na ginamit sa salitang " & "\" & """" & I171 & "\" & """" & "?" -> Ano ang unlapi na ginamit sa salitang \"patawagan\"? | G171: =LEFT(K171, FIND("+", K171) - 1) -> pa- | H171: morphological_extraction_inflected_affix_extraction_00169 | I171: patawagan | J171: tawag | K171: pa-+-an | M171: circumfix | N171: regular inflection | P171: /
A172: morphological_extraction | B172: inflected_affix_extraction | C172: =M172 -> circumfix | D172: regular_inflection | E172: ="What is the suffix used to inflect the word " & "\" & """" & I172 & "\" & """" & "?" -> What is the suffix used to inflect the word \"pinaglabanan\"? | F172: ="Ano ang hulapi na ginamit sa salitang " & "\" & """" & I172 & "\" & """" & "?" -> Ano ang hulapi na ginamit sa salitang \"pinaglabanan\"? | G172: =MID(K172, FIND("+", K172) + 1, LEN(K172)) -> -an | H172: morphological_extraction_inflected_affix_extraction_00170 | I172: pinaglabanan | J172: laban | K172: pinag-+-an | M172: circumfix | N172: regular inflection
A173: morphological_extraction | B173: inflected_affix_extraction | C173: =M173 -> circumfix | D173: regular_inflection | E173: ="What is the suffix used to inflect the word " & "\" & """" & I173 & "\" & """" & "?" -> What is the suffix used to inflect the word \"pagsabihan\"? | F173: ="Ano ang hulapi na ginamit sa salitang " & "\" & """" & I173 & "\" & """" & "?" -> Ano ang hulapi na ginamit sa salitang \"pagsabihan\"? | G173: =MID(K173, FIND("+", K173) + 1, LEN(K173)) -> -han | H173: morphological_extraction_inflected_affix_extraction_00171 | I173: pagsabihan | J173: sabi | K173: pag-+-han | M173: circumfix | N173: regular inflection
A174: morphological_extraction | B174: inflected_affix_extraction | C174: =M174 -> circumfix | D174: phoneme_change | E174: ="What is the suffix used to inflect the word " & "\" & """" & I174 & "\" & """" & "?" -> What is the suffix used to inflect the word \"pagtulungan\"? | F174: ="Ano ang hulapi na ginamit sa salitang " & "\" & """" & I174 & "\" & """" & "?" -> Ano ang hulapi na ginamit sa salitang \"pagtulungan\"? | G174: =MID(K174, FIND("+", K174) + 1, LEN(K174)) -> -an | H174: morphological_extraction_inflected_affix_extraction_00172 | I174: pagtulungan | J174: tulong | K174: pag-+-an | M174: circumfix | N174: phoneme change (suffix)
A175: morphological_extraction | B175: inflected_affix_extraction | C175: =M175 -> circumfix | D175: regular_inflection | E175: ="What is the suffix used to inflect the word " & "\" & """" & I175 & "\" & """" & "?" -> What is the suffix used to inflect the word \"magtawagan\"? | F175: ="Ano ang hulapi na ginamit sa salitang " & "\" & """" & I175 & "\" & """" & "?" -> Ano ang hulapi na ginamit sa salitang \"magtawagan\"? | G175: =MID(K175, FIND("+", K175) + 1, LEN(K175)) -> -an | H175: morphological_extraction_inflected_affix_extraction_00173 | I175: magtawagan | J175: tawag | K175: mag-+-an | M175: circumfix | N175: regular inflection
A176: morphological_extraction | B176: inflected_affix_extraction | C176: =M176 -> circumfix | D176: phoneme_change | E176: ="What is the suffix used to inflect the word " & "\" & """" & I176 & "\" & """" & "?" -> What is the suffix used to inflect the word \"magtulungan\"? | F176: ="Ano ang hulapi na ginamit sa salitang " & "\" & """" & I176 & "\" & """" & "?" -> Ano ang hulapi na ginamit sa salitang \"magtulungan\"? | G176: =MID(K176, FIND("+", K176) + 1, LEN(K176)) -> -an | H176: morphological_extraction_inflected_affix_extraction_00174 | I176: magtulungan | J176: tulong | K176: mag-+-an | M176: circumfix | N176: phoneme change (suffix)
A177: morphological_extraction | B177: inflected_affix_extraction | C177: =M177 -> circumfix | D177: regular_inflection | E177: ="What is the suffix used to inflect the word " & "\" & """" & I177 & "\" & """" & "?" -> What is the suffix used to inflect the word \"nagkampihan\"? | F177: ="Ano ang hulapi na ginamit sa salitang " & "\" & """" & I177 & "\" & """" & "?" -> Ano ang hulapi na ginamit sa salitang \"nagkampihan\"? | G177: =MID(K177, FIND("+", K177) + 1, LEN(K177)) -> -han | H177: morphological_extraction_inflected_affix_extraction_00175 | I177: nagkampihan | J177: kampi | K177: nag-+-han | M177: circumfix | N177: regular inflection
A178: morphological_extraction | B178: inflected_affix_extraction | C178: =M178 -> circumfix | D178: regular_inflection | E178: ="What is the suffix used to inflect the word " & "\" & """" & I178 & "\" & """" & "?" -> What is the suffix used to inflect the word \"nagsisihan\"? | F178: ="Ano ang hulapi na ginamit sa salitang " & "\" & """" & I178 & "\" & """" & "?" -> Ano ang hulapi na ginamit sa salitang \"nagsisihan\"? | G178: =MID(K178, FIND("+", K178) + 1, LEN(K178)) -> -han | H178: morphological_extraction_inflected_affix_extraction_00176 | I178: nagsisihan | J178: sisi | K178: nag-+-han | M178: circumfix | N178: regular inflection
A179: morphological_extraction | B179: inflected_affix_extraction | C179: =M179 -> circumfix | D179: regular_inflection | E179: ="What is the suffix used to inflect the word " & "\" & """" & I179 & "\" & """" & "?" -> What is the suffix used to inflect the word \"nakipaglandian\"? | F179: ="Ano ang hulapi na ginamit sa salitang " & "\" & """" & I179 & "\" & """" & "?" -> Ano ang hulapi na ginamit sa salitang \"nakipaglandian\"? | G179: =MID(K179, FIND("+", K179) + 1, LEN(K179)) -> -an | H179: morphological_extraction_inflected_affix_extraction_00177 | I179: nakipaglandian | J179: landi | K179: nakipag-+-an | M179: circumfix | N179: regular inflection
A180: morphological_extraction | B180: inflected_affix_extraction | C180: =M180 -> circumfix | D180: phoneme_change | E180: ="What is the suffix used to inflect the word " & "\" & """" & I180 & "\" & """" & "?" -> What is the suffix used to inflect the word \"nakipagsagutan\"? | F180: ="Ano ang hulapi na ginamit sa salitang " & "\" & """" & I180 & "\" & """" & "?" -> Ano ang hulapi na ginamit sa salitang \"nakipagsagutan\"? | G180: =MID(K180, FIND("+", K180) + 1, LEN(K180)) -> -an | H180: morphological_extraction_inflected_affix_extraction_00178 | I180: nakipagsagutan | J180: sagot | K180: nakipag-+-an | M180: circumfix | N180: phoneme change (suffix)
A181: morphological_extraction | B181: inflected_affix_extraction | C181: =M181 -> circumfix | D181: regular_inflection | E181: ="What is the suffix used to inflect the word " & "\" & """" & I181 & "\" & """" & "?" -> What is the suffix used to inflect the word \"makipag-unahan\"? | F181: ="Ano ang hulapi na ginamit sa salitang " & "\" & """" & I181 & "\" & """" & "?" -> Ano ang hulapi na ginamit sa salitang \"makipag-unahan\"? | G181: =MID(K181, FIND("+", K181) + 1, LEN(K181)) -> -han | H181: morphological_extraction_inflected_affix_extraction_00179 | I181: makipag-unahan | J181: una | K181: makipag-+-han | L181: makipag-+-an | M181: circumfix | N181: regular inflection
A182: morphological_extraction | B182: inflected_affix_extraction | C182: =M182 -> circumfix | D182: regular_inflection | E182: ="What is the suffix used to inflect the word " & "\" & """" & I182 & "\" & """" & "?" -> What is the suffix used to inflect the word \"makipagpalitan\"? | F182: ="Ano ang hulapi na ginamit sa salitang " & "\" & """" & I182 & "\" & """" & "?" -> Ano ang hulapi na ginamit sa salitang \"makipagpalitan\"? | G182: =MID(K182, FIND("+", K182) + 1, LEN(K182)) -> -an | H182: morphological_extraction_inflected_affix_extraction_00180 | I182: makipagpalitan | J182: palit | K182: makipag-+-an | M182: circumfix | N182: regular inflection
A183: morphological_extraction | B183: inflected_affix_extraction | C183: =M183 -> circumfix | D183: regular_inflection | E183: ="What is the suffix used to inflect the word " & "\" & """" & I183 & "\" & """" & "?" -> What is the suffix used to inflect the word \"makipagsapakan\"? | F183: ="Ano ang hulapi na ginamit sa salitang " & "\" & """" & I183 & "\" & """" & "?" -> Ano ang hulapi na ginamit sa salitang \"makipagsapakan\"? | G183: =MID(K183, FIND("+", K183) + 1, LEN(K183)) -> -an | H183: morphological_extraction_inflected_affix_extraction_00181 | I183: makipagsapakan | J183: sapak | K183: makipag-+-an | M183: circumfix | N183: regular inflection
A184: morphological_extraction | B184: inflected_affix_extraction | C184: =M184 -> circumfix | D184: phoneme_deletion | E184: ="What is the suffix used to inflect the word " & "\" & """" & I184 & "\" & """" & "?" -> What is the suffix used to inflect the word \"malaman\"? | F184: ="Ano ang hulapi na ginamit sa salitang " & "\" & """" & I184 & "\" & """" & "?" -> Ano ang hulapi na ginamit sa salitang \"malaman\"? | G184: =MID(K184, FIND("+", K184) + 1, LEN(K184)) -> -an | H184: morphological_extraction_inflected_affix_extraction_00182 | I184: malaman | J184: alam | K184: ma-+-an | M184: circumfix | N184: phoneme deletion (prefix)
A185: morphological_extraction | B185: inflected_affix_extraction | C185: =M185 -> circumfix | D185: phoneme_change | E185: ="What is the suffix used to inflect the word " & "\" & """" & I185 & "\" & """" & "?" -> What is the suffix used to inflect the word \"matutuhan\"? | F185: ="Ano ang hulapi na ginamit sa salitang " & "\" & """" & I185 & "\" & """" & "?" -> Ano ang hulapi na ginamit sa salitang \"matutuhan\"? | G185: =MID(K185, FIND("+", K185) + 1, LEN(K185)) -> -han | H185: morphological_extraction_inflected_affix_extraction_00183 | I185: matutuhan | J185: tuto | K185: ma-+-han | L185: ma-+-an | M185: circumfix | N185: phoneme change (suffix)
A186: morphological_extraction | B186: inflected_affix_extraction | C186: =M186 -> circumfix | D186: phoneme_change | E186: ="What is the suffix used to inflect the word " & "\" & """" & I186 & "\" & """" & "?" -> What is the suffix used to inflect the word \"patulugin\"? | F186: ="Ano ang hulapi na ginamit sa salitang " & "\" & """" & I186 & "\" & """" & "?" -> Ano ang hulapi na ginamit sa salitang \"patulugin\"? | G186: =MID(K186, FIND("+", K186) + 1, LEN(K186)) -> -in | H186: morphological_extraction_inflected_affix_extraction_00184 | I186: patulugin | J186: tulog | K186: pa-+-in | M186: circumfix | N186: phoneme change (suffix)
...

Sheet inflected_root_extraction
A1: category | B1: subcategory | C1: subcategory2 | D1: subcategory3 | E1: text_en | F1: text_tl | G1: label | H1: id | I1: word | J1: root_word | K1: affix | L1: affix_alternate | M1: affix_type | N1: subtype
A2: morphological_extraction | B2: inflected_root_extraction | C2: prefix | D2: partial_assimilation | E2: What is the root word of the inflected word \"mambola\" | F2: Ano ang salitang-ugat ng nilapiang salita na \"mambola\"? | G2: bola | H2: morphological_extraction_inflected_root_extraction_00000 | I2: mambola | J2: bola | K2: mang- | M2: prefix | N2: partial assimilation (prefix)
A3: morphological_extraction | B3: inflected_root_extraction | C3: =M3 -> prefix | D3: partial_assimilation | E3: ="What is the root word of the inflected word " & "\" & """" & I3 & "\" & """" &"?" -> What is the root word of the inflected word \"mandaya\"? | F3: ="Ano ang salitang-ugat ng nilapiang salita na " & "\" & """" & I3 & "\" & """" &"?" -> Ano ang salitang-ugat ng nilapiang salita na \"mandaya\"? | G3: =J3 -> daya | H3: morphological_extraction_inflected_root_extraction_00001 | I3: mandaya | J3: daya | K3: mang- | M3: prefix | N3: partial assimilation (prefix)
A4: morphological_extraction | B4: inflected_root_extraction | C4: =M4 -> prefix | D4: partial_assimilation | E4: ="What is the root word of the inflected word " & "\" & """" & I4 & "\" & """" &"?" -> What is the root word of the inflected word \"mapanlamang\"? | F4: ="Ano ang salitang-ugat ng nilapiang salita na " & "\" & """" & I4 & "\" & """" &"?" -> Ano ang salitang-ugat ng nilapiang salita na \"mapanlamang\"? | G4: =J4 -> lamang | H4: morphological_extraction_inflected_root_extraction_00002 | I4: mapanlamang | J4: lamang | K4: mapang- | M4: prefix | N4: partial assimilation (prefix)
A5: morphological_extraction | B5: inflected_root_extraction | C5: =M5 -> prefix | D5: partial_assimilation | E5: ="What is the root word of the inflected word " & "\" & """" & I5 & "\" & """" &"?" -> What is the root word of the inflected word \"pambansa\"? | F5: ="Ano ang salitang-ugat ng nilapiang salita na " & "\" & """" & I5 & "\" & """" &"?" -> Ano ang salitang-ugat ng nilapiang salita na \"pambansa\"? | G5: =J5 -> bansa | H5: morphological_extraction_inflected_root_extraction_00003 | I5: pambansa | J5: bansa | K5: pang- | M5: prefix | N5: partial assimilation (prefix)
A6: morphological_extraction | B6: inflected_root_extraction | C6: =M6 -> prefix | D6: partial_assimilation | E6: ="What is the root word of the inflected word " & "\" & """" & I6 & "\" & """" &"?" -> What is the root word of the inflected word \"pampito\"? | F6: ="Ano ang salitang-ugat ng nilapiang salita na " & "\" & """" & I6 & "\" & """" &"?" -> Ano ang salitang-ugat ng nilapiang salita na \"pampito\"? | G6: =J6 -> pito | H6: morphological_extraction_inflected_root_extraction_00004 | I6: pampito | J6: pito | K6: pang- | M6: prefix | N6: partial assimilation (prefix)
A7: morphological_extraction | B7: inflected_root_extraction | C7: =M7 -> prefix | D7: partial_assimilation | E7: ="What is the root word of the inflected word " & "\" & """" & I7 & "\" & """" &"?" -> What is the root word of the inflected word \"nanlaban\"? | F7: ="Ano ang salitang-ugat ng nilapiang salita na " & "\" & """" & I7 & "\" & """" &"?" -> Ano ang salitang-ugat ng nilapiang salita na \"nanlaban\"? | G7: =J7 -> laban | H7: morphological_extraction_inflected_root_extraction_00005 | I7: nanlaban | J7: laban | K7: nang- | M7: prefix | N7: partial assimilation (prefix)
A8: morphological_extraction | B8: inflected_root_extraction | C8: =M8 -> prefix | D8: partial_assimilation | E8: ="What is the root word of the inflected word " & "\" & """" & I8 & "\" & """" &"?" -> What is the root word of the inflected word \"ipampinta\"? | F8: ="Ano ang salitang-ugat ng nilapiang salita na " & "\" & """" & I8 & "\" & """" &"?" -> Ano ang salitang-ugat ng nilapiang salita na \"ipampinta\"? | G8: =J8 -> pinta | H8: morphological_extraction_inflected_root_extraction_00006 | I8: ipampinta | J8: pinta | K8: nang- | M8: prefix | N8: partial assimilation (prefix)
A9: morphological_extraction | B9: inflected_root_extraction | C9: =M9 -> prefix | D9: partial_assimilation | E9: ="What is the root word of the inflected word " & "\" & """" & I9 & "\" & """" &"?" -> What is the root word of the inflected word \"ipantapal\"? | F9: ="Ano ang salitang-ugat ng nilapiang salita na " & "\" & """" & I9 & "\" & """" &"?" -> Ano ang salitang-ugat ng nilapiang salita na \"ipantapal\"? | G9: =J9 -> tapal | H9: morphological_extraction_inflected_root_extraction_00007 | I9: ipantapal | J9: tapal | K9: ipang- | M9: prefix | N9: partial assimilation (prefix)
A10: morphological_extraction | B10: inflected_root_extraction | C10: =M10 -> prefix | D10: partial_assimilation | E10: ="What is the root word of the inflected word " & "\" & """" & I10 & "\" & """" &"?" -> What is the root word of the inflected word \"simbait\"? | F10: ="Ano ang salitang-ugat ng nilapiang salita na " & "\" & """" & I10 & "\" & """" &"?" -> Ano ang salitang-ugat ng nilapiang salita na \"simbait\"? | G10: =J10 -> bait | H10: morphological_extraction_inflected_root_extraction_00008 | I10: simbait | J10: bait | K10: sing- | M10: prefix | N10: partial assimilation (prefix)
A11: morphological_extraction | B11: inflected_root_extraction | C11: =M11 -> prefix | D11: partial_assimilation | E11: ="What is the root word of the inflected word " & "\" & """" & I11 & "\" & """" &"?" -> What is the root word of the inflected word \"sintibay\"? | F11: ="Ano ang salitang-ugat ng nilapiang salita na " & "\" & """" & I11 & "\" & """" &"?" -> Ano ang salitang-ugat ng nilapiang salita na \"sintibay\"? | G11: =J11 -> tibay | H11: morphological_extraction_inflected_root_extraction_00009 | I11: sintibay | J11: tibay | K11: sing- | M11: prefix | N11: partial assimilation (prefix)
A12: morphological_extraction | B12: inflected_root_extraction | C12: =M12 -> prefix | D12: full_assimilation | E12: ="What is the root word of the inflected word " & "\" & """" & I12 & "\" & """" &"?" -> What is the root word of the inflected word \"panguha\"? | F12: ="Ano ang salitang-ugat ng nilapiang salita na " & "\" & """" & I12 & "\" & """" &"?" -> Ano ang salitang-ugat ng nilapiang salita na \"panguha\"? | G12: =J12 -> kuha | H12: morphological_extraction_inflected_root_extraction_00010 | I12: panguha | J12: kuha | K12: pang- | M12: prefix | N12: full assimilation (prefix)
A13: morphological_extraction | B13: inflected_root_extraction | C13: =M13 -> prefix | D13: full_assimilation | E13: ="What is the root word of the inflected word " & "\" & """" & I13 & "\" & """" &"?" -> What is the root word of the inflected word \"panabas\"? | F13: ="Ano ang salitang-ugat ng nilapiang salita na " & "\" & """" & I13 & "\" & """" &"?" -> Ano ang salitang-ugat ng nilapiang salita na \"panabas\"? | G13: =J13 -> tabas | H13: morphological_extraction_inflected_root_extraction_00011 | I13: panabas | J13: tabas | K13: pang- | M13: prefix | N13: full assimilation (prefix)
A14: morphological_extraction | B14: inflected_root_extraction | C14: =M14 -> prefix | D14: full_assimilation | E14: ="What is the root word of the inflected word " & "\" & """" & I14 & "\" & """" &"?" -> What is the root word of the inflected word \"pamatay\"? | F14: ="Ano ang salitang-ugat ng nilapiang salita na " & "\" & """" & I14 & "\" & """" &"?" -> Ano ang salitang-ugat ng nilapiang salita na \"pamatay\"? | G14: =J14 -> patay | H14: morphological_extraction_inflected_root_extraction_00012 | I14: pamatay | J14: patay | K14: pang- | M14: prefix | N14: full assimilation (prefix)
... A64: morphological_extraction | B64: inflected_root_extraction | C64: =M64 -> suffix | D64: phoneme_change | E64: ="What is the root word of the inflected word " & "\" & """" & I64 & "\" & """" &"?" -> What is the root word of the inflected word \"sabugan\"? | F64: ="Ano ang salitang-ugat ng nilapiang salita na " & "\" & """" & I64 & "\" & """" &"?" -> Ano ang salitang-ugat ng nilapiang salita na \"sabugan\"? | G64: =J64 -> sabog | H64: morphological_extraction_inflected_root_extraction_00062 | I64: sabugan | J64: sabog | K64: -an | M64: suffix | N64: phoneme change (suffix)
A65: morphological_extraction | B65: inflected_root_extraction | C65: =M65 -> suffix | D65: phoneme_change | E65: ="What is the root word of the inflected word " & "\" & """" & I65 & "\" & """" &"?" -> What is the root word of the inflected word \"batuhin\"? | F65: ="Ano ang salitang-ugat ng nilapiang salita na " & "\" & """" & I65 & "\" & """" &"?" -> Ano ang salitang-ugat ng nilapiang salita na \"batuhin\"? | G65: =J65 -> bato | H65: morphological_extraction_inflected_root_extraction_00063 | I65: batuhin | J65: bato | K65: -hin | L65: -in | M65: suffix | N65: phoneme change (suffix)
A66: morphological_extraction | B66: inflected_root_extraction | C66: =M66 -> suffix | D66: phoneme_change | E66: ="What is the root word of the inflected word " & "\" & """" & I66 & "\" & """" &"?" -> What is the root word of the inflected word \"sikuhin\"? | F66: ="Ano ang salitang-ugat ng nilapiang salita na " & "\" & """" & I66 & "\" & """" &"?" -> Ano ang salitang-ugat ng nilapiang salita na \"sikuhin\"? | G66: =J66 -> siko | H66: morphological_extraction_inflected_root_extraction_00064 | I66: sikuhin | J66: siko | K66: -hin | L66: -in | M66: suffix | N66: phoneme change (suffix)
A67: morphological_extraction | B67: inflected_root_extraction | C67: =M67 -> suffix | D67: phoneme_change | E67: ="What is the root word of the inflected word " & "\" & """" & I67 & "\" & """" &"?" -> What is the root word of the inflected word \"puruhan\"? | F67: ="Ano ang salitang-ugat ng nilapiang salita na " & "\" & """" & I67 & "\" & """" &"?" -> Ano ang salitang-ugat ng nilapiang salita na \"puruhan\"? | G67: =J67 -> puro | H67: morphological_extraction_inflected_root_extraction_00065 | I67: puruhan | J67: puro | K67: -han | L67: -an | M67: suffix | N67: phoneme change (suffix)
A68: morphological_extraction | B68: inflected_root_extraction | C68: =M68 -> suffix | D68: phoneme_change | E68: ="What is the root word of the inflected word " & "\" & """" & I68 & "\" & """" &"?" -> What is the root word of the inflected word \"baguhin\"? | F68: ="Ano ang salitang-ugat ng nilapiang salita na " & "\" & """" & I68 & "\" & """" &"?" -> Ano ang salitang-ugat ng nilapiang salita na \"baguhin\"? | G68: =J68 -> bago | H68: morphological_extraction_inflected_root_extraction_00066 | I68: baguhin | J68: bago | K68: -hin | L68: -in | M68: suffix | N68: phoneme change (suffix)
A69: morphological_extraction | B69: inflected_root_extraction | C69: =M69 -> suffix | D69: phoneme_change | E69: ="What is the root word of the inflected word " & "\" & """" & I69 & "\" & """" &"?" -> What is the root word of the inflected word \"uluhan\"? | F69: ="Ano ang salitang-ugat ng nilapiang salita na " & "\" & """" & I69 & "\" & """" &"?" -> Ano ang salitang-ugat ng nilapiang salita na \"uluhan\"? | G69: =J69 -> ulo | H69: morphological_extraction_inflected_root_extraction_00067 | I69: uluhan | J69: ulo | K69: -han | L69: -an | M69: suffix | N69: phoneme change (suffix)
A70: morphological_extraction | B70: inflected_root_extraction | C70: =M70 -> suffix | D70: phoneme_change | E70: ="What is the root word of the inflected word " & "\" & """" & I70 & "\" & """" &"?" -> What is the root word of the inflected word \"guluhin\"? | F70: ="Ano ang salitang-ugat ng nilapiang salita na " & "\" & """" & I70 & "\" & """" &"?" -> Ano ang salitang-ugat ng nilapiang salita na \"guluhin\"? | G70: =J70 -> gulo | H70: morphological_extraction_inflected_root_extraction_00068 | I70: guluhin | J70: gulo | K70: -hin | L70: -in | M70: suffix | N70: phoneme change (suffix)
A71: morphological_extraction | B71: inflected_root_extraction | C71: =M71 -> suffix | D71: phoneme_change | E71: ="What is the root word of the inflected word " & "\" & """" & I71 & "\" & """" &"?" -> What is the root word of the inflected word \"tawanan\"? | F71: ="Ano ang salitang-ugat ng nilapiang salita na " & "\" & """" & I71 & "\" & """" &"?" -> Ano ang salitang-ugat ng nilapiang salita na \"tawanan\"? | G71: =J71 -> tawa | H71: morphological_extraction_inflected_root_extraction_00069 | I71: tawanan | J71: tawa | K71: -han | L71: -an | M71: suffix | N71: phoneme change (suffix)
A72: morphological_extraction | B72: inflected_root_extraction | C72: =M72 -> suffix | D72: phoneme_deletion | E72: ="What is the root word of the inflected word " & "\" & """" & I72 & "\" & """" &"?" -> What is the root word of the inflected word \"takpan\"? | F72: ="Ano ang salitang-ugat ng nilapiang salita na " & "\" & """" & I72 & "\" & """" &"?" -> Ano ang salitang-ugat ng nilapiang salita na \"takpan\"? | G72: =J72 -> takip | H72: morphological_extraction_inflected_root_extraction_00070 | I72: takpan | J72: takip | K72: -an | M72: suffix | N72: phoneme deletion (suffix)
A73: morphological_extraction | B73: inflected_root_extraction | C73: =M73 -> suffix | D73: phoneme_deletion | E73: ="What is the root word of the inflected word " & "\" & """" & I73 & "\" & """" &"?" -> What is the root word of the inflected word \"saktan\"? | F73: ="Ano ang salitang-ugat ng nilapiang salita na " & "\" & """" & I73 & "\" & """" &"?" -> Ano ang salitang-ugat ng nilapiang salita na \"saktan\"? | G73: =J73 -> sakit | H73: morphological_extraction_inflected_root_extraction_00071 | I73: saktan | J73: sakit | K73: -an | M73: suffix | N73: phoneme deletion (suffix)
A74: morphological_extraction | B74: inflected_root_extraction | C74: =M74 -> suffix | D74: phoneme_deletion | E74: ="What is the root word of the inflected word " & "\" & """" & I74 & "\" & """" &"?" -> What is the root word of the inflected word \"buksan\"? | F74: ="Ano ang salitang-ugat ng nilapiang salita na " & "\" & """" & I74 & "\" & """" &"?" -> Ano ang salitang-ugat ng nilapiang salita na \"buksan\"? | G74: =J74 -> bukas | H74: morphological_extraction_inflected_root_extraction_00072 | I74: buksan | J74: bukas | K74: -an | M74: suffix | N74: phoneme deletion (suffix)
A75: morphological_extraction | B75: inflected_root_extraction | C75: =M75 -> suffix | D75: phoneme_deletion | E75: ="What is the root word of the inflected word " & "\" & """" & I75 & "\" & """" &"?" -> What is the root word of the inflected word \"sundin\"? | F75: ="Ano ang salitang-ugat ng nilapiang salita na " & "\" & """" & I75 & "\" & """" &"?" -> Ano ang salitang-ugat ng nilapiang salita na \"sundin\"? | G75: =J75 -> sunod | H75: morphological_extraction_inflected_root_extraction_00073 | I75: sundin | J75: sunod | K75: -in | M75: suffix | N75: phoneme deletion (suffix)
A76: morphological_extraction | B76: inflected_root_extraction | C76: =M76 -> suffix | D76: phoneme_deletion | E76: ="What is the root word of the inflected word " & "\" & """" & I76 & "\" & """" &"?" -> What is the root word of the inflected word \"tupdin\"? | F76: ="Ano ang salitang-ugat ng nilapiang salita na " & "\" & """" & I76 & "\" & """" &"?" -> Ano ang salitang-ugat ng nilapiang salita na \"tupdin\"? | G76: =J76 -> tupad | H76: morphological_extraction_inflected_root_extraction_00074 | I76: tupdin | J76: tupad | K76: -in | M76: suffix | N76: phoneme deletion (suffix)
A77: morphological_extraction | B77: inflected_root_extraction | C77: =M77 -> suffix | D77: phoneme_deletion | E77: ="What is the root word of the inflected word " & "\" & """" & I77 & "\" & """" &"?" -> What is the root word of the inflected word \"bigyan\"? | F77: ="Ano ang salitang-ugat ng nilapiang salita na " & "\" & """" & I77 & "\" & """" &"?" -> Ano ang salitang-ugat ng nilapiang salita na \"bigyan\"? | G77: =J77 -> bigay | H77: morphological_extraction_inflected_root_extraction_00075 | I77: bigyan | J77: bigay | K77: -an | M77: suffix | N77: phoneme deletion (suffix)
A78: morphological_extraction | B78: inflected_root_extraction | C78: =M78 -> suffix | D78: phoneme_deletion | E78: ="What is the root word of the inflected word " & "\" & """" & I78 & "\" & """" &"?" -> What is the root word of the inflected word \"dinggin\"? | F78: ="Ano ang salitang-ugat ng nilapiang salita na " & "\" & """" & I78 & "\" & """" &"?" -> Ano ang salitang-ugat ng nilapiang salita na \"dinggin\"? | G78: =J78 -> dinig | H78: morphological_extraction_inflected_root_extraction_00076 | I78: dinggin | J78: dinig | K78: -in | M78: suffix | N78: phoneme deletion (suffix)
A79: morphological_extraction | B79: inflected_root_extraction | C79: =M79 -> suffix | D79: phoneme_deletion | E79: ="What is the root word of the inflected word " & "\" & """" & I79 & "\" & """" &"?" -> What is the root word of the inflected word \"lagyan\"? | F79: ="Ano ang salitang-ugat ng nilapiang salita na " & "\" & """" & I79 & "\" & """" &"?" -> Ano ang salitang-ugat ng nilapiang salita na \"lagyan\"? | G79: =J79 -> lagay | H79: morphological_extraction_inflected_root_extraction_00077 | I79: lagyan | J79: lagay | K79: -an | M79: suffix | N79: phoneme deletion (suffix)
A80: morphological_extraction | B80: inflected_root_extraction | C80: =M80 -> suffix | D80: phoneme_deletion | E80: ="What is the root word of the inflected word " & "\" & """" & I80 & "\" & """" &"?" -> What is the root word of the inflected word \"tikman\"? | F80: ="Ano ang salitang-ugat ng nilapiang salita na " & "\" & """" & I80 & "\" & """" &"?" -> Ano ang salitang-ugat ng nilapiang salita na \"tikman\"? | G80: =J80 -> tikim | H80: morphological_extraction_inflected_root_extraction_00078 | I80: tikman | J80: tikim | K80: -an | M80: suffix | N80: phoneme deletion (suffix)
A81: morphological_extraction | B81: inflected_root_extraction | C81: =M81 -> suffix | D81: phoneme_deletion | E81: ="What is the root word of the inflected word " & "\" & """" & I81 & "\" & """" &"?" -> What is the root word of the inflected word \"bilhin\"? | F81: ="Ano ang salitang-ugat ng nilapiang salita na " & "\" & """" & I81 & "\" & """" &"?" -> Ano ang salitang-ugat ng nilapiang salita na \"bilhin\"? | G81: =J81 -> bili | H81: morphological_extraction_inflected_root_extraction_00079 | I81: bilhin | J81: bili | K81: -hin | L81: -in | M81: suffix | N81: phoneme deletion (suffix)
A82: morphological_extraction | B82: inflected_root_extraction | C82: =M82 -> suffix | D82: regular_inflection | E82: ="What is the root word of the inflected word " & "\" & """" & I82 & "\" & """" &"?" -> What is the root word of the inflected word \"takasan\"? | F82: ="Ano ang salitang-ugat ng nilapiang salita na " & "\" & """" & I82 & "\" & """" &"?" -> Ano ang salitang-ugat ng nilapiang salita na \"takasan\"? | G82: =J82 -> takas | H82: morphological_extraction_inflected_root_extraction_00080 | I82: takasan | J82: takas | K82: -an | M82: suffix | N82: regular inflection
A83: morphological_extraction | B83: inflected_root_extraction | C83: =M83 -> suffix | D83: regular_inflection | E83: ="What is the root word of the inflected word " & "\" & """" & I83 & "\" & """" &"?" -> What is the root word of the inflected word \"labanan\"? | F83: ="Ano ang salitang-ugat ng nilapiang salita na " & "\" & """" & I83 & "\" & """" &"?" -> Ano ang salitang-ugat ng nilapiang salita na \"labanan\"? | G83: =J83 -> laban | H83: morphological_extraction_inflected_root_extraction_00081 | I83: labanan | J83: laban | K83: -an | M83: suffix | N83: regular inflection
A84: morphological_extraction | B84: inflected_root_extraction | C84: =M84 -> suffix | D84: regular_inflection | E84: ="What is the root word of the inflected word " & "\" & """" & I84 & "\" & """" &"?" -> What is the root word of the inflected word \"sulatan\"? | F84: ="Ano ang salitang-ugat ng nilapiang salita na " & "\" & """" & I84 & "\" & """" &"?" -> Ano ang salitang-ugat ng nilapiang salita na \"sulatan\"? | G84: =J84 -> sulat | H84: morphological_extraction_inflected_root_extraction_00082 | I84: sulatan | J84: sulat | K84: -an | M84: suffix | N84: regular inflection
A85: morphological_extraction | B85: inflected_root_extraction | C85: =M85 -> suffix | D85: regular_inflection | E85: ="What is the root word of the inflected word " & "\" & """" & I85 & "\" & """" &"?" -> What is the root word of the inflected word \"titigan\"? | F85: ="Ano ang salitang-ugat ng nilapiang salita na " & "\" & """" & I85 & "\" & """" &"?" -> Ano ang salitang-ugat ng nilapiang salita na \"titigan\"? | G85: =J85 -> titig | H85: morphological_extraction_inflected_root_extraction_00083 | I85: titigan | J85: titig | K85: -an | M85: suffix | N85: regular inflection
A86: morphological_extraction | B86: inflected_root_extraction | C86: =M86 -> suffix | D86: regular_inflection | E86: ="What is the root word of the inflected word " & "\" & """" & I86 & "\" & """" &"?" -> What is the root word of the inflected word \"awitan\"? | F86: ="Ano ang salitang-ugat ng nilapiang salita na " & "\" & """" & I86 & "\" & """" &"?" -> Ano ang salitang-ugat ng nilapiang salita na \"awitan\"? | G86: =J86 -> awit | H86: morphological_extraction_inflected_root_extraction_00084 | I86: awitan | J86: awit | K86: -an | M86: suffix | N86: regular inflection
A87: morphological_extraction | B87: inflected_root_extraction | C87: =M87 -> suffix | D87: regular_inflection | E87: ="What is the root word of the inflected word " & "\" & """" & I87 & "\" & """" &"?" -> What is the root word of the inflected word \"asahan\"? | F87: ="Ano ang salitang-ugat ng nilapiang salita na " & "\" & """" & I87 & "\" & """" &"?" -> Ano ang salitang-ugat ng nilapiang salita na \"asahan\"? | G87: =J87 -> asa | H87: morphological_extraction_inflected_root_extraction_00085 | I87: asahan | J87: asa | K87: -han | L87: -an | M87: suffix | N87: regular inflection
A88: morphological_extraction | B88: inflected_root_extraction | C88: =M88 -> suffix | D88: regular_inflection | E88: ="What is the root word of the inflected word " & "\" & """" & I88 & "\" & """" &"?" -> What is the root word of the inflected word \"abonohan\"? | F88: ="Ano ang salitang-ugat ng nilapiang salita na " & "\" & """" & I88 & "\" & """" &"?" -> Ano ang salitang-ugat ng nilapiang salita na \"abonohan\"? | G88: =J88 -> abono | H88: morphological_extraction_inflected_root_extraction_00086 | I88: abonohan | J88: abono | K88: -han | L88: -an | M88: suffix | N88: regular inflection
A89: morphological_extraction | B89: inflected_root_extraction | C89: =M89 -> suffix | D89: regular_inflection | E89: ="What is the root word of the inflected word " & "\" & """" & I89 & "\" & """" &"?" -> What is the root word of the inflected word \"suportahan\"? | F89: ="Ano ang salitang-ugat ng nilapiang salita na " & "\" & """" & I89 & "\" & """" &"?" -> Ano ang salitang-ugat ng nilapiang salita na \"suportahan\"? | G89: =J89 -> suporta | H89: morphological_extraction_inflected_root_extraction_00087 | I89: suportahan | J89: suporta | K89: -han | L89: -an | M89: suffix | N89: regular inflection
A90: morphological_extraction | B90: inflected_root_extraction | C90: =M90 -> suffix | D90: regular_inflection | E90: ="What is the root word of the inflected word " & "\" & """" & I90 & "\" & """" &"?" -> What is the root word of the inflected word \"agahan\"? | F90: ="Ano ang salitang-ugat ng nilapiang salita na " & "\" & """" & I90 & "\" & """" &"?" -> Ano ang salitang-ugat ng nilapiang salita na \"agahan\"? | G90: =J90 -> aga | H90: morphological_extraction_inflected_root_extraction_00088 | I90: agahan | J90: aga | K90: -han | L90: -an | M90: suffix | N90: regular inflection
A91: morphological_extraction | B91: inflected_root_extraction | C91: =M91 -> suffix | D91: regular_inflection | E91: ="What is the root word of the inflected word " & "\" & """" & I91 & "\" & """" &"?" -> What is the root word of the inflected word \"gandahan\"? | F91: ="Ano ang salitang-ugat ng nilapiang salita na " & "\" & """" & I91 & "\" & """" &"?" -> Ano ang salitang-ugat ng nilapiang salita na \"gandahan\"? | G91: =J91 -> ganda | H91: morphological_extraction_inflected_root_extraction_00089 | I91: gandahan | J91: ganda | K91: -han | L91: -an | M91: suffix | N91: regular inflection
A92: morphological_extraction | B92: inflected_root_extraction | C92: =M92 -> suffix | D92: regular_inflection | E92: ="What is the root word of the inflected word " & "\" & """" & I92 & "\" & """" &"?" -> What is the root word of the inflected word \"alisin\"? | F92: ="Ano ang salitang-ugat ng nilapiang salita na " & "\" & """" & I92 & "\" & """" &"?" -> Ano ang salitang-ugat ng nilapiang salita na \"alisin\"? | G92: =J92 -> alis | H92: morphological_extraction_inflected_root_extraction_00090 | I92: alisin | J92: alis | K92: -in | M92: suffix | N92: regular inflection
A93: morphological_extraction | B93: inflected_root_extraction | C93: =M93 -> suffix | D93: regular_inflection | E93: ="What is the root word of the inflected word " & "\" & """" & I93 & "\" & """" &"?" -> What is the root word of the inflected word \"walisin\"? | F93: ="Ano ang salitang-ugat ng nilapiang salita na " & "\" & """" & I93 & "\" & """" &"?" -> Ano ang salitang-ugat ng nilapiang salita na \"walisin\"? | G93: =J93 -> walis | H93: morphological_extraction_inflected_root_extraction_00091 | I93: walisin | J93: walis | K93: -in | M93: suffix | N93: regular inflection
A94: morphological_extraction | B94: inflected_root_extraction | C94: =M94 -> suffix | D94: regular_inflection | E94: ="What is the root word of the inflected word " & "\" & """" & I94 & "\" & """" &"?" -> What is the root word of the inflected word \"galawin\"? | F94: ="Ano ang salitang-ugat ng nilapiang salita na " & "\" & """" & I94 & "\" & """" &"?" -> Ano ang salitang-ugat ng nilapiang salita na \"galawin\"? | G94: =J94 -> galaw | H94: morphological_extraction_inflected_root_extraction_00092 | I94: galawin | J94: galaw | K94: -in | M94: suffix | N94: regular inflection
A95: morphological_extraction | B95: inflected_root_extraction | C95: =M95 -> suffix | D95: regular_inflection | E95: ="What is the root word of the inflected word " & "\" & """" & I95 & "\" & """" &"?" -> What is the root word of the inflected word \"langgamin\"? | F95: ="Ano ang salitang-ugat ng nilapiang salita na " & "\" & """" & I95 & "\" & """" &"?" -> Ano ang salitang-ugat ng nilapiang salita na \"langgamin\"? | G95: =J95 -> langgam | H95: morphological_extraction_inflected_root_extraction_00093 | I95: langgamin | J95: langgam | K95: -in | M95: suffix | N95: regular inflection
A96: morphological_extraction | B96: inflected_root_extraction | C96: =M96 -> suffix | D96: regular_inflection | E96: ="What is the root word of the inflected word " & "\" & """" & I96 & "\" & """" &"?" -> What is the root word of the inflected word \"buhayin\"? | F96: ="Ano ang salitang-ugat ng nilapiang salita na " & "\" & """" & I96 & "\" & """" &"?" -> Ano ang salitang-ugat ng nilapiang salita na \"buhayin\"? | G96: =J96 -> buhay | H96: morphological_extraction_inflected_root_extraction_00094 | I96: buhayin | J96: buhay | K96: -in | M96: suffix | N96: regular inflection
A97: morphological_extraction | B97: inflected_root_extraction | C97: =M97 -> suffix | D97: regular_inflection | E97: ="What is the root word of the inflected word " & "\" & """" & I97 & "\" & """" &"?" -> What is the root word of the inflected word \"sisihin\"? | F97: ="Ano ang salitang-ugat ng nilapiang salita na " & "\" & """" & I97 & "\" & """" &"?" -> Ano ang salitang-ugat ng nilapiang salita na \"sisihin\"? | G97: =J97 -> sisi | H97: morphological_extraction_inflected_root_extraction_00095 | I97: sisihin | J97: sisi | K97: -hin | L97: -in | M97: suffix | N97: regular inflection
A98: morphological_extraction | B98: inflected_root_extraction | C98: =M98 -> suffix | D98: regular_inflection | E98: ="What is the root word of the inflected word " & "\" & """" & I98 & "\" & """" &"?" -> What is the root word of the inflected word \"sabihin\"? | F98: ="Ano ang salitang-ugat ng nilapiang salita na " & "\" & """" & I98 & "\" & """" &"?" -> Ano ang salitang-ugat ng nilapiang salita na \"sabihin\"? | G98: =J98 -> sabi | H98: morphological_extraction_inflected_root_extraction_00096 | I98: sabihin | J98: sabi | K98: -hin | L98: -in | M98: suffix | N98: regular inflection
A99: morphological_extraction | B99: inflected_root_extraction | C99: =M99 -> suffix | D99: regular_inflection | E99: ="What is the root word of the inflected word " & "\" & """" & I99 & "\" & """" &"?" -> What is the root word of the inflected word \"punahin\"? | F99: ="Ano ang salitang-ugat ng nilapiang salita na " & "\" & """" & I99 & "\" & """" &"?" -> Ano ang salitang-ugat ng nilapiang salita na \"punahin\"? | G99: =J99 -> puna | H99: morphological_extraction_inflected_root_extraction_00097 | I99: punahin | J99: puna | K99: -hin | L99: -in | M99: suffix | N99: regular inflection
A100: morphological_extraction | B100: inflected_root_extraction | C100: =M100 -> suffix | D100: regular_inflection | E100: ="What is the root word of the inflected word " & "\" & """" & I100 & "\" & """" &"?" -> What is the root word of the inflected word \"tablahin\"? | F100: ="Ano ang salitang-ugat ng nilapiang salita na " & "\" & """" & I100 & "\" & """" &"?" -> Ano ang salitang-ugat ng nilapiang salita na \"tablahin\"? | G100: =J100 -> tabla | H100: morphological_extraction_inflected_root_extraction_00098 | I100: tablahin | J100: tabla | K100: -hin | L100: -in | M100: suffix | N100: regular inflection
A101: morphological_extraction | B101: inflected_root_extraction | C101: =M101 -> suffix | D101: regular_inflection | E101: ="What is the root word of the inflected word " & "\" & """" & I101 & "\" & """" &"?" -> What is the root word of the inflected word \"unahin\"? | F101: ="Ano ang salitang-ugat ng nilapiang salita na " & "\" & """" & I101 & "\" & """" &"?" -> Ano ang salitang-ugat ng nilapiang salita na \"unahin\"? | G101: =J101 -> una | H101: morphological_extraction_inflected_root_extraction_00099 | I101: unahin | J101: una | K101: -hin | L101: -in | M101: suffix | N101: regular inflection
A102: morphological_extraction | B102: inflected_root_extraction | C102: =M102 -> infix | D102: metathesis | E102: ="What is the root word of the inflected word " & "\" & """" & I102 & "\" & """" &"?" -> What is the root word of the inflected word \"nilipad\"? | F102: ="Ano ang salitang-ugat ng nilapiang salita na " & "\" & """" & I102 & "\" & """" &"?" -> Ano ang salitang-ugat ng nilapiang salita na \"nilipad\"? | G102: =J102 -> lipad | H102: morphological_extraction_inflected_root_extraction_00100 | I102: nilipad | J102: lipad | K102: -in- | M102: infix | N102: metathesis (infix)
A103: morphological_extraction | B103: inflected_root_extraction | C103: =M103 -> infix | D103: metathesis | E103: ="What is the root word of the inflected word " & "\" & """" & I103 & "\" & """" &"?" -> What is the root word of the inflected word \"nilangaw\"? | F103: ="Ano ang salitang-ugat ng nilapiang salita na " & "\" & """" & I103 & "\" & """" &"?" -> Ano ang salitang-ugat ng nilapiang salita na \"nilangaw\"? | G103: =J103 -> langaw | H103: morphological_extraction_inflected_root_extraction_00101 | I103: nilangaw | J103: langaw | K103: -in- | M103: infix | N103: metathesis (infix)
A104: morphological_extraction | B104: inflected_root_extraction | C104: =M104 -> infix | D104: metathesis | E104: ="What is the root word of the inflected word " & "\" & """" & I104 & "\" & """" &"?" -> What is the root word of the inflected word \"nilibot\"? | F104: ="Ano ang salitang-ugat ng nilapiang salita na " & "\" & """" & I104 & "\" & """" &"?" -> Ano ang salitang-ugat ng nilapiang salita na \"nilibot\"? | G104: =J104 -> libot | H104: morphological_extraction_inflected_root_extraction_00102 | I104: nilibot | J104: libot | K104: -in- | M104: infix | N104: metathesis (infix)
A105: morphological_extraction | B105: inflected_root_extraction | C105: =M105 -> infix | D105: metathesis | E105: ="What is the root word of the inflected word " & "\" & """" & I105 & "\" & """" &"?" -> What is the root word of the inflected word \"nilisan\"? | F105: ="Ano ang salitang-ugat ng nilapiang salita na " & "\" & """" & I105 & "\" & """" &"?" -> Ano ang salitang-ugat ng nilapiang salita na \"nilisan\"? | G105: =J105 -> lisan | H105: morphological_extraction_inflected_root_extraction_00103 | I105: nilisan | J105: lisan | K105: -in- | M105: infix | N105: metathesis (infix)
A106: morphological_extraction | B106: inflected_root_extraction | C106: =M106 -> infix | D106: metathesis | E106: ="What is the root word of the inflected word " & "\" & """" & I106 & "\" & """" &"?" -> What is the root word of the inflected word \"nilito\"? | F106: ="Ano ang salitang-ugat ng nilapiang salita na " & "\" & """" & I106 & "\" & """" &"?" -> Ano ang salitang-ugat ng nilapiang salita na \"nilito\"? | G106: =J106 -> lito | H106: morphological_extraction_inflected_root_extraction_00104 | I106: nilito | J106: lito | K106: -in- | M106: infix | N106: metathesis (infix)
A107: morphological_extraction | B107: inflected_root_extraction | C107: =M107 -> infix | D107: metathesis | E107: ="What is the root word of the inflected word " & "\" & """" & I107 & "\" & """" &"?" -> What is the root word of the inflected word \"nilagay\"? | F107: ="Ano ang salitang-ugat ng nilapiang salita na " & "\" & """" & I107 & "\" & """" &"?" -> Ano ang salitang-ugat ng nilapiang salita na \"nilagay\"? | G107: =J107 -> lagay | H107: morphological_extraction_inflected_root_extraction_00105 | I107: nilagay | J107: lagay | K107: -in- | M107: infix | N107: metathesis (infix)
A108: morphological_extraction | B108: inflected_root_extraction | C108: =M108 -> infix | D108: metathesis | E108: ="What is the root word of the inflected word " & "\" & """" & I108 & "\" & """" &"?" -> What is the root word of the inflected word \"nilason\"? | F108: ="Ano ang salitang-ugat ng nilapiang salita na " & "\" & """" & I108 & "\" & """" &"?" -> Ano ang salitang-ugat ng nilapiang salita na \"nilason\"? | G108: =J108 -> lason | H108: morphological_extraction_inflected_root_extraction_00106 | I108: nilason | J108: lason | K108: -in- | M108: infix | N108: metathesis (infix)
A109: morphological_extraction | B109: inflected_root_extraction | C109: =M109 -> infix | D109: metathesis | E109: ="What is the root word of the inflected word " & "\" & """" & I109 & "\" & """" &"?" -> What is the root word of the inflected word \"niluklok\"? | F109: ="Ano ang salitang-ugat ng nilapiang salita na " & "\" & """" & I109 & "\" & """" &"?" -> Ano ang salitang-ugat ng nilapiang salita na \"niluklok\"? | G109: =J109 -> luklok | H109: morphological_extraction_inflected_root_extraction_00107 | I109: niluklok | J109: luklok | K109: -in- | M109: infix | N109: metathesis (infix)
A110: morphological_extraction | B110: inflected_root_extraction | C110: =M110 -> infix | D110: metathesis | E110: ="What is the root word of the inflected word " & "\" & """" & I110 & "\" & """" &"?" -> What is the root word of the inflected word \"niloko\"? | F110: ="Ano ang salitang-ugat ng nilapiang salita na " & "\" & """" & I110 & "\" & """" &"?" -> Ano ang salitang-ugat ng nilapiang salita na \"niloko\"? | G110: =J110 -> loko | H110: morphological_extraction_inflected_root_extraction_00108 | I110: niloko | J110: loko | K110: -in- | M110: infix | N110: metathesis (infix)
A111: morphological_extraction | B111: inflected_root_extraction | C111: =M111 -> infix | D111: metathesis | E111: ="What is the root word of the inflected word " & "\" & """" & I111 & "\" & """" &"?" -> What is the root word of the inflected word \"nilagari\"? | F111: ="Ano ang salitang-ugat ng nilapiang salita na " & "\" & """" & I111 & "\" & """" &"?" -> Ano ang salitang-ugat ng nilapiang salita na \"nilagari\"? | G111: =J111 -> lagari | H111: morphological_extraction_inflected_root_extraction_00109 | I111: nilagari | J111: lagari | K111: -in- | M111: infix | N111: metathesis (infix)
A112: morphological_extraction | B112: inflected_root_extraction | C112: =M112 -> infix | D112: metathesis | E112: ="What is the root word of the inflected word " & "\" & """" & I112 & "\" & """" &"?" -> What is the root word of the inflected word \"nilatigo\"? | F112: ="Ano ang salitang-ugat ng nilapiang salita na " & "\" & """" & I112 & "\" & """" &"?" -> Ano ang salitang-ugat ng nilapiang salita na \"nilatigo\"? | G112: =J112 -> latigo | H112: morphological_extraction_inflected_root_extraction_00110 | I112: nilatigo | J112: latigo | K112: -in- | M112: infix | N112: metathesis (infix)
A113: morphological_extraction | B113: inflected_root_extraction | C113: =M113 -> infix | D113: metathesis | E113: ="What is the root word of the inflected word " & "\" & """" & I113 & "\" & """" &"?" -> What is the root word of the inflected word \"nilaban\"? | F113: ="Ano ang salitang-ugat ng nilapiang salita na " & "\" & """" & I113 & "\" & """" &"?" -> Ano ang salitang-ugat ng nilapiang salita na \"nilaban\"? | G113: =J113 -> laban | H113: morphological_extraction_inflected_root_extraction_00111 | I113: nilaban | J113: laban | K113: -in- | M113: infix | N113: metathesis (infix)
... A160: morphological_extraction | B160: inflected_root_extraction | C160: =M160 -> circumfix | D160: phoneme_change | E160: ="What is the root word of the inflected word " & "\" & """" & I160 & "\" & """" &"?" -> What is the root word of the inflected word \"nakipagsagutan\"? | F160: ="Ano ang salitang-ugat ng nilapiang salita na " & "\" & """" & I160 & "\" & """" &"?" -> Ano ang salitang-ugat ng nilapiang salita na \"nakipagsagutan\"? | G160: =J160 -> sagot | H160: morphological_extraction_inflected_root_extraction_00158 | I160: nakipagsagutan | J160: sagot | K160: nakipag-+-an | M160: circumfix | N160: phoneme change (suffix)
A161: morphological_extraction | B161: inflected_root_extraction | C161: =M161 -> circumfix | D161: regular_inflection | E161: ="What is the root word of the inflected word " & "\" & """" & I161 & "\" & """" &"?" -> What is the root word of the inflected word \"makipag-unahan\"? | F161: ="Ano ang salitang-ugat ng nilapiang salita na " & "\" & """" & I161 & "\" & """" &"?" -> Ano ang salitang-ugat ng nilapiang salita na \"makipag-unahan\"? | G161: =J161 -> una | H161: morphological_extraction_inflected_root_extraction_00159 | I161: makipag-unahan | J161: una | K161: makipag-+-han | L161: makipag-+-an | M161: circumfix | N161: regular inflection
A162: morphological_extraction | B162: inflected_root_extraction | C162: =M162 -> circumfix | D162: regular_inflection | E162: ="What is the root word of the inflected word " & "\" & """" & I162 & "\" & """" &"?" -> What is the root word of the inflected word \"makipagpalitan\"? | F162: ="Ano ang salitang-ugat ng nilapiang salita na " & "\" & """" & I162 & "\" & """" &"?" -> Ano ang salitang-ugat ng nilapiang salita na \"makipagpalitan\"? | G162: =J162 -> palit | H162: morphological_extraction_inflected_root_extraction_00160 | I162: makipagpalitan | J162: palit | K162: makipag-+-an | M162: circumfix | N162: regular inflection
A163: morphological_extraction | B163: inflected_root_extraction | C163: =M163 -> circumfix | D163: regular_inflection | E163: ="What is the root word of the inflected word " & "\" & """" & I163 & "\" & """" &"?" -> What is the root word of the inflected word \"makipagsapakan\"? | F163: ="Ano ang salitang-ugat ng nilapiang salita na " & "\" & """" & I163 & "\" & """" &"?" -> Ano ang salitang-ugat ng nilapiang salita na \"makipagsapakan\"? | G163: =J163 -> sapak | H163: morphological_extraction_inflected_root_extraction_00161 | I163: makipagsapakan | J163: sapak | K163: makipag-+-an | M163: circumfix | N163: regular inflection
A164: morphological_extraction | B164: inflected_root_extraction | C164: =M164 -> circumfix | D164: phoneme_deletion | E164: ="What is the root word of the inflected word " & "\" & """" & I164 & "\" & """" &"?" -> What is the root word of the inflected word \"malaman\"? | F164: ="Ano ang salitang-ugat ng nilapiang salita na " & "\" & """" & I164 & "\" & """" &"?" -> Ano ang salitang-ugat ng nilapiang salita na \"malaman\"? | G164: =J164 -> alam | H164: morphological_extraction_inflected_root_extraction_00162 | I164: malaman | J164: alam | K164: ma-+-an | M164: circumfix | N164: phoneme deletion (prefix)
A165: morphological_extraction | B165: inflected_root_extraction | C165: =M165 -> circumfix | D165: phoneme_change | E165: ="What is the root word of the inflected word " & "\" & """" & I165 & "\" & """" &"?" -> What is the root word of the inflected word \"matutuhan\"? | F165: ="Ano ang salitang-ugat ng nilapiang salita na " & "\" & """" & I165 & "\" & """" &"?" -> Ano ang salitang-ugat ng nilapiang salita na \"matutuhan\"? | G165: =J165 -> tuto | H165: morphological_extraction_inflected_root_extraction_00163 | I165: matutuhan | J165: tuto | K165: ma-+-han | L165: ma-+-an | M165: circumfix | N165: phoneme change (suffix)
A166: morphological_extraction | B166: inflected_root_extraction | C166: =M166 -> circumfix | D166: phoneme_change | E166: ="What is the root word of the inflected word " & "\" & """" & I166 & "\" & """" &"?" -> What is the root word of the inflected word \"patulugin\"? | F166: ="Ano ang salitang-ugat ng nilapiang salita na " & "\" & """" & I166 & "\" & """" &"?" -> Ano ang salitang-ugat ng nilapiang salita na \"patulugin\"? | G166: =J166 -> tulog | H166: morphological_extraction_inflected_root_extraction_00164 | I166: patulugin | J166: tulog | K166: pa-+-in | M166: circumfix | N166: phoneme change (suffix)
A167: morphological_extraction | B167: inflected_root_extraction | C167: =M167 -> circumfix | D167: phoneme_change | E167: ="What is the root word of the inflected word " & "\" & """" & I167 & "\" & """" &"?" -> What is the root word of the inflected word \"papasukin\"? | F167: ="Ano ang salitang-ugat ng nilapiang salita na " & "\" & """" & I167 & "\" & """" &"?" -> Ano ang salitang-ugat ng nilapiang salita na \"papasukin\"? | G167: =J167 -> pasok | H167: morphological_extraction_inflected_root_extraction_00165 | I167: papasukin | J167: pasok | K167: pa-+-in | M167: circumfix | N167: phoneme change (suffix)
A168: morphological_extraction | B168: inflected_root_extraction | C168: =M168 -> circumfix | D168: regular_inflection | E168: ="What is the root word of the inflected word " & "\" & """" & I168 & "\" & """" &"?" -> What is the root word of the inflected word \"paglinisin\"? | F168: ="Ano ang salitang-ugat ng nilapiang salita na " & "\" & """" & I168 & "\" & """" &"?" -> Ano ang salitang-ugat ng nilapiang salita na \"paglinisin\"? | G168: =J168 -> linis | H168: morphological_extraction_inflected_root_extraction_00166 | I168: paglinisin | J168: linis | K168: pag-+-in | M168: circumfix | N168: regular inflection
A169: morphological_extraction | B169: inflected_root_extraction | C169: =M169 -> circumfix | D169: regular_inflection | E169: ="What is the root word of the inflected word " & "\" & """" & I169 & "\" & """" &"?" -> What is the root word of the inflected word \"pag-aralin\"? | F169: ="Ano ang salitang-ugat ng nilapiang salita na " & "\" & """" & I169 & "\" & """" &"?" -> Ano ang salitang-ugat ng nilapiang salita na \"pag-aralin\"? | G169: =J169 -> aral | H169: morphological_extraction_inflected_root_extraction_00167 | I169: pag-aralin | J169: aral | K169: pag-+-in | M169: circumfix | N169: regular inflection
A170: morphological_extraction | B170: inflected_root_extraction | C170: =M170 -> circumfix | D170: regular_inflection | E170: ="What is the root word of the inflected word " & "\" & """" & I170 & "\" & """" &"?" -> What is the root word of the inflected word \"palakasan\"? | F170: ="Ano ang salitang-ugat ng nilapiang salita na " & "\" & """" & I170 & "\" & """" &"?" -> Ano ang salitang-ugat ng nilapiang salita na \"palakasan\"? | G170: =J170 -> lakas | H170: morphological_extraction_inflected_root_extraction_00168 | I170: palakasan | J170: lakas | K170: pa-+-an | M170: circumfix | N170: regular inflection
A171: morphological_extraction | B171: inflected_root_extraction | C171: =M171 -> circumfix | D171: regular_inflection | E171: ="What is the root word of the inflected word " & "\" & """" & I171 & "\" & """" &"?" -> What is the root word of the inflected word \"patawagan\"? | F171: ="Ano ang salitang-ugat ng nilapiang salita na " & "\" & """" & I171 & "\" & """" &"?" -> Ano ang salitang-ugat ng nilapiang salita na \"patawagan\"? | G171: =J171 -> tawag | H171: morphological_extraction_inflected_root_extraction_00169 | I171: patawagan | J171: tawag | K171: pa-+-an | M171: circumfix | N171: regular inflection
A172: morphological_extraction | B172: inflected_root_extraction | C172: infix_suffix | D172: regular_inflection | E172: ="What is the root word of the inflected word " & "\" & """" & I172 & "\" & """" &"?" -> What is the root word of the inflected word \"sinulatan\"? | F172: ="Ano ang salitang-ugat ng nilapiang salita na " & "\" & """" & I172 & "\" & """" &"?" -> Ano ang salitang-ugat ng nilapiang salita na \"sinulatan\"? | G172: =J172 -> sulat | H172: morphological_extraction_inflected_root_extraction_00170 | I172: sinulatan | J172: sulat | K172: -in-+-an | M172: infix & suffix | N172: regular inflection
A173: morphological_extraction | B173: inflected_root_extraction | C173: infix_suffix | D173: regular_inflection | E173: ="What is the root word of the inflected word " & "\" & """" & I173 & "\" & """" &"?" -> What is the root word of the inflected word \"dinampian\"? | F173: ="Ano ang salitang-ugat ng nilapiang salita na " & "\" & """" & I173 & "\" & """" &"?" -> Ano ang salitang-ugat ng nilapiang salita na \"dinampian\"? | G173: =J173 -> dampi | H173: morphological_extraction_inflected_root_extraction_00171 | I173: dinampian | J173: dampi | K173: -in-+-an | M173: infix & suffix | N173: regular inflection
A174: morphological_extraction | B174: inflected_root_extraction | C174: infix_suffix | D174: phoneme_change | E174: ="What is the root word of the inflected word " & "\" & """" & I174 & "\" & """" &"?" -> What is the root word of the inflected word \"pinayungan\"? | F174: ="Ano ang salitang-ugat ng nilapiang salita na " & "\" & """" & I174 & "\" & """" &"?" -> Ano ang salitang-ugat ng nilapiang salita na \"pinayungan\"? | G174: =J174 -> payong | H174: morphological_extraction_inflected_root_extraction_00172 | I174: pinayungan | J174: payong | K174: -in-+-an | M174: infix & suffix | N174: phoneme change (suffix)
A175: morphological_extraction | B175: inflected_root_extraction | C175: infix_suffix | D175: metathesis | E175: ="What is the root word of the inflected word " & "\" & """" & I175 & "\" & """" &"?" -> What is the root word of the inflected word \"niyurakan\"? | F175: ="Ano ang salitang-ugat ng nilapiang salita na " & "\" & """" & I175 & "\" & """" &"?" -> Ano ang salitang-ugat ng nilapiang salita na \"niyurakan\"? | G175: =J175 -> yurak | H175: morphological_extraction_inflected_root_extraction_00173 | I175: niyurakan | J175: yurak | K175: -in-+-an | M175: infix & suffix | N175: metathesis (infix)
A176: morphological_extraction | B176: inflected_root_extraction | C176: infix_suffix | D176: metathesis | E176: ="What is the root word of the inflected word " & "\" & """" & I176 & "\" & """" &"?" -> What is the root word of the inflected word \"nilapitan\"? | F176: ="Ano ang salitang-ugat ng nilapiang salita na " & "\" & """" & I176 & "\" & """" &"?" -> Ano ang salitang-ugat ng nilapiang salita na \"nilapitan\"? | G176: =J176 -> lapit | H176: morphological_extraction_inflected_root_extraction_00174 | I176: nilapitan | J176: lapit | K176: -in-+-an | M176: infix & suffix | N176: metathesis (infix)
A177: morphological_extraction | B177: inflected_root_extraction | C177: infix_suffix | D177: regular_inflection | E177: ="What is the root word of the inflected word " & "\" & """" & I177 & "\" & """" &"?" -> What is the root word of the inflected word \"hinawahan\"? | F177: ="Ano ang salitang-ugat ng nilapiang salita na " & "\" & """" & I177 & "\" & """" &"?" -> Ano ang salitang-ugat ng nilapiang salita na \"hinawahan\"? | G177: =J177 -> hawa | H177: morphological_extraction_inflected_root_extraction_00175 | I177: hinawahan | J177: hawa | K177: -in-+-han | L177: -in-+-an | M177: infix & suffix | N177: regular inflection
A178: morphological_extraction | B178: inflected_root_extraction | C178: infix_suffix | D178: regular_inflection | E178: ="What is the root word of the inflected word " & "\" & """" & I178 & "\" & """" &"?" -> What is the root word of the inflected word \"pinuntahan\"? | F178: ="Ano ang salitang-ugat ng nilapiang salita na " & "\" & """" & I178 & "\" & """" &"?" -> Ano ang salitang-ugat ng nilapiang salita na \"pinuntahan\"? | G178: =J178 -> punta | H178: morphological_extraction_inflected_root_extraction_00176 | I178: pinuntahan | J178: punta | K178: -in-+-han | L178: -in-+-an | M178: infix & suffix | N178: regular inflection
A179: morphological_extraction | B179: inflected_root_extraction | C179: infix_suffix | D179: metathesis | E179: ="What is the root word of the inflected word " & "\" & """" & I179 & "\" & """" &"?" -> What is the root word of the inflected word \"nilabahan\"? | F179: ="Ano ang salitang-ugat ng nilapiang salita na " & "\" & """" & I179 & "\" & """" &"?" -> Ano ang salitang-ugat ng nilapiang salita na \"nilabahan\"? | G179: =J179 -> laba | H179: morphological_extraction_inflected_root_extraction_00177 | I179: nilabahan | J179: laba | K179: -in-+-han | L179: -in-+-an | M179: infix & suffix | N179: metathesis (infix)
A180: morphological_extraction | B180: inflected_root_extraction | C180: infix_suffix | D180: phoneme_change | E180: ="What is the root word of the inflected word " & "\" & """" & I180 & "\" & """" &"?" -> What is the root word of the inflected word \"inayusan\"? | F180: ="Ano ang salitang-ugat ng nilapiang salita na " & "\" & """" & I180 & "\" & """" &"?" -> Ano ang salitang-ugat ng nilapiang salita na \"inayusan\"? | G180: =J180 -> ayos | H180: morphological_extraction_inflected_root_extraction_00178 | I180: inayusan | J180: ayos | K180: -in-+-han | L180: -in-+-an | M180: infix & suffix | N180: phoneme change (suffix)
A181: morphological_extraction | B181: inflected_root_extraction | C181: infix_suffix | D181: metathesis_phoneme_change | E181: ="What is the root word of the inflected word " & "\" & """" & I181 & "\" & """" &"?" -> What is the root word of the inflected word \"niregaluhan\"? | F181: ="Ano ang salitang-ugat ng nilapiang salita na " & "\" & """" & I181 & "\" & """" &"?" -> Ano ang salitang-ugat ng nilapiang salita na \"niregaluhan\"? | G181: =J181 -> regalo | H181: morphological_extraction_inflected_root_extraction_00179 | I181: niregaluhan | J181: regalo | K181: -in-+-han | L181: -in-+-an | M181: infix & suffix | N181: metathesis (infix), phoneme change (suffix)
A182: morphological_extraction | B182: inflected_root_extraction | C182: prefix_suffix | D182: regular_inflection | E182: ="What is the root word of the inflected word " & "\" & """" & I182 & "\" & """" &"?" -> What is the root word of the inflected word \"magsumikap\"? | F182: ="Ano ang salitang-ugat ng nilapiang salita na " & "\" & """" & I182 & "\" & """" &"?" -> Ano ang salitang-ugat ng nilapiang salita na \"magsumikap\"? | G182: =J182 -> sikap | H182: morphological_extraction_inflected_root_extraction_00180 | I182: magsumikap | J182: sikap | K182: mag-+-um- | M182: prefix & infix | N182: regular inflection
A183: morphological_extraction | B183: inflected_root_extraction | C183: prefix_suffix | D183: regular_inflection | E183: ="What is the root word of the inflected word " & "\" & """" & I183 & "\" & """" &"?" -> What is the root word of the inflected word \"magpumilit\"? | F183: ="Ano ang salitang-ugat ng nilapiang salita na " & "\" & """" & I183 & "\" & """" &"?" -> Ano ang salitang-ugat ng nilapiang salita na \"magpumilit\"? | G183: =J183 -> pilit | H183: morphological_extraction_inflected_root_extraction_00181 | I183: magpumilit | J183: pilit | K183: mag-+-um- | M183: prefix & infix | N183: regular inflection
A184: morphological_extraction | B184: inflected_root_extraction | C184: prefix_suffix | D184: regular_inflection | E184: ="What is the root word of the inflected word " & "\" & """" & I184 & "\" & """" &"?" -> What is the root word of the inflected word \"magpumiglas\"? | F184: ="Ano ang salitang-ugat ng nilapiang salita na " & "\" & """" & I184 & "\" & """" &"?" -> Ano ang salitang-ugat ng nilapiang salita na \"magpumiglas\"? | G184: =J184 -> piglas | H184: morphological_extraction_inflected_root_extraction_00182 | I184: magpumiglas | J184: piglas | K184: mag-+-um- | M184: prefix & infix | N184: regular inflection
A185: morphological_extraction | B185: inflected_root_extraction | C185: prefix_suffix | D185: regular_inflection | E185: ="What is the root word of the inflected word " & "\" & """" & I185 & "\" & """" &"?" -> What is the root word of the inflected word \"magkumahog\"? | F185: ="Ano ang salitang-ugat ng nilapiang salita na " & "\" & """" & I185 & "\" & """" &"?" -> Ano ang salitang-ugat ng nilapiang salita na \"magkumahog\"? | G185: =J185 -> kahog | H185: morphological_extraction_inflected_root_extraction_00183 | I185: magkumahog | J185: kahog | K185: mag-+-um- | M185: prefix & infix | N185: regular inflection
A186: morphological_extraction | B186: inflected_root_extraction | C186: prefix_suffix | D186: regular_inflection | E186: ="What is the root word of the inflected word " & "\" & """" & I186 & "\" & """" &"?" -> What is the root word of the inflected word \"magsumamo\"? | F186: ="Ano ang salitang-ugat ng nilapiang salita na " & "\" & """" & I186 & "\" & """" &"?" -> Ano ang salitang-ugat ng nilapiang salita na \"magsumamo\"? | G186: =J186 -> samo | H186: morphological_extraction_inflected_root_extraction_00184 | I186: magsumamo | J186: samo | K186: mag-+-um- | M186: prefix & infix | N186: regular inflection
A187: morphological_extraction | B187: inflected_root_extraction | C187: prefix_suffix | D187: regular_inflection | E187: ="What is the root word of the inflected word " & "\" & """" & I187 & "\" & """" &"?" -> What is the root word of the inflected word \"nagsumikap\"? | F187: ="Ano ang salitang-ugat ng nilapiang salita na " & "\" & """" & I187 & "\" & """" &"?" -> Ano ang salitang-ugat ng nilapiang salita na \"nagsumikap\"? | G187: =J187 -> sikap | H187: morphological_extraction_inflected_root_extraction_00185 | I187: nagsumikap | J187: sikap | K187: nag-+-um- | M187: prefix & infix | N187: regular inflection
A188: morphological_extraction | B188: inflected_root_extraction | C188: prefix_suffix | D188: regular_inflection | E188: ="What is the root word of the inflected word " & "\" & """" & I188 & "\" & """" &"?" -> What is the root word of the inflected word \"nagpumilit\"? | F188: ="Ano ang salitang-ugat ng nilapiang salita na " & "\" & """" & I188 & "\" & """" &"?" -> Ano ang salitang-ugat ng nilapiang salita na \"nagpumilit\"? | G188: =J188 -> pilit | H188: morphological_extraction_inflected_root_extraction_00186 | I188: nagpumilit | J188: pilit | K188: nag-+-um- | M188: prefix & infix | N188: regular inflection
A189: morphological_extraction | B189: inflected_root_extraction | C189: prefix_suffix | D189: regular_inflection | E189: ="What is the root word of the inflected word " & "\" & """" & I189 & "\" & """" &"?" -> What is the root word of the inflected word \"nagpumiglas\"? | F189: ="Ano ang salitang-ugat ng nilapiang salita na " & "\" & """" & I189 & "\" & """" &"?" -> Ano ang salitang-ugat ng nilapiang salita na \"nagpumiglas\"? | G189: =J189 -> piglas | H189: morphological_extraction_inflected_root_extraction_00187 | I189: nagpumiglas | J189: piglas | K189: nag-+-um- | M189: prefix & infix | N189: regular inflection
A190: morphological_extraction | B190: inflected_root_extraction | C190: prefix_suffix | D190: regular_inflection | E190: ="What is the root word of the inflected word " & "\" & """" & I190 & "\" & """" &"?" -> What is the root word of the inflected word \"nagkumahog\"? | F190: ="Ano ang salitang-ugat ng nilapiang salita na " & "\" & """" & I190 & "\" & """" &"?" -> Ano ang salitang-ugat ng nilapiang salita na \"nagkumahog\"? | G190: =J190 -> kahog | H190: morphological_extraction_inflected_root_extraction_00188 | I190: nagkumahog | J190: kahog | K190: nag-+-um- | M190: prefix & infix | N190: regular inflection
A191: morphological_extraction | B191: inflected_root_extraction | C191: prefix_suffix | D191: regular_inflection | E191: ="What is the root word of the inflected word " & "\" & """" & I191 & "\" & """" &"?" -> What is the root word of the inflected word \"nagsumamo\"? | F191: ="Ano ang salitang-ugat ng nilapiang salita na " & "\" & """" & I191 & "\" & """" &"?" -> Ano ang salitang-ugat ng nilapiang salita na \"nagsumamo\"? | G191: =J191 -> samo | H191: morphological_extraction_inflected_root_extraction_00189 | I191: nagsumamo | J191: samo | K191: nag-+-um- | M191: prefix & infix | N191: regular inflection

Sheet reduplicated_root_extraction
A1: category | B1: subcategory | C1: subcategory2 | D1: subcategory3 | E1: prompts | F1: text_en | G1: text_tl | H1: label | I1: id | J1: word | K1: root | L1: reduplicant | M1: redup_type | N1: subtype | O1: blake_ref | P1: production_ready
A2: morphological_extraction | B2: reduplicated_root_extraction | C2: partial | D2: adjective_pluralizer | F2: What is the root word of the word \"mabubuti\"? | G2: Ano ang salitang-ugat ng salitang \"mabubuti\"? | H2: buti | I2: morphological_extraction_reduplicated_root_extraction_00000 | J2: mabubuti | K2: buti | L2: bu | M2: partial | N2: adjective_pluralizer | O2: 2a
A3: morphological_extraction | B3: reduplicated_root_extraction | C3: =M3 -> partial | D3: =N3 -> adjective_pluralizer | F3: ="What is the root word of the word " & "\" & """" &J3 & "\" & """" & "?" -> What is the root word of the word \"makikisig\"? | G3: ="Ano ang salitang-ugat ng salitang " & "\" & """" &J3 & "\" & """" & "?" -> Ano ang salitang-ugat ng salitang \"makikisig\"? | H3: =K3 -> kisig | I3: morphological_extraction_reduplicated_root_extraction_00001 | J3: makikisig | K3: kisig | L3: ki | M3: partial | N3: adjective_pluralizer | O3: 2a
A4: morphological_extraction | B4: reduplicated_root_extraction | C4: =M4 -> partial | D4: =N4 -> adjective_pluralizer | F4: ="What is the root word of the word " & "\" & """" &J4 & "\" & """" & "?" -> What is the root word of the word \"magaganda\"? | G4: ="Ano ang salitang-ugat ng salitang " & "\" & """" &J4 & "\" & """" & "?" -> Ano ang salitang-ugat ng salitang \"magaganda\"? | H4: =K4 -> ganda | I4: morphological_extraction_reduplicated_root_extraction_00002 | J4: magaganda | K4: ganda | L4: ga | M4: partial | N4: adjective_pluralizer | O4: 2a
A5: morphological_extraction | B5: reduplicated_root_extraction | C5: =M5 -> partial | D5: =N5 -> adjective_pluralizer | F5: ="What is the root word of the word " & "\" & """" &J5 & "\" & """" & "?" -> What is the root word of the word \"masisipag\"? | G5: ="Ano ang salitang-ugat ng salitang " & "\" & """" &J5 & "\" & """" & "?" -> Ano ang salitang-ugat ng salitang \"masisipag\"? | H5: =K5 -> sipag | I5: morphological_extraction_reduplicated_root_extraction_00003 | J5: masisipag | K5: sipag | L5: si | M5: partial | N5: adjective_pluralizer | O5: 2a
A6: morphological_extraction | B6: reduplicated_root_extraction | C6: =M6 -> partial | D6: =N6 -> adjective_pluralizer | F6: ="What is the root word of the word " & "\" & """" &J6 & "\" & """" & "?" -> What is the root word of the word \"matatangkad\"? | G6: ="Ano ang salitang-ugat ng salitang " & "\" & """" &J6 & "\" & """" & "?" -> Ano ang salitang-ugat ng salitang \"matatangkad\"? | H6: =K6 -> tangkad | I6: morphological_extraction_reduplicated_root_extraction_00004 | J6: matatangkad | K6: tangkad | L6: ta | M6: partial | N6: adjective_pluralizer | O6: 2a
A7: morphological_extraction | B7: reduplicated_root_extraction | C7: =M7 -> partial | D7: =N7 -> adjective_pluralizer | F7: ="What is the root word of the word " & "\" & """" &J7 & "\" & """" & "?" -> What is the root word of the word \"matatalino\"? | G7: ="Ano ang salitang-ugat ng salitang " & "\" & """" &J7 & "\" & """" & "?" -> Ano ang salitang-ugat ng salitang \"matatalino\"? | H7: =K7 -> talino | I7: morphological_extraction_reduplicated_root_extraction_00005 | J7: matatalino | K7: talino | L7: ta | M7: partial | N7: adjective_pluralizer | O7: 2a
A8: morphological_extraction | B8: reduplicated_root_extraction | C8: =M8 -> partial | D8: =N8 -> adjective_pluralizer | F8: ="What is the root word of the word " & "\" & """" &J8 & "\" & """" & "?" -> What is the root word of the word \"masasarap\"? | G8: ="Ano ang salitang-ugat ng salitang " & "\" & """" &J8 & "\" & """" & "?" -> Ano ang salitang-ugat ng salitang \"masasarap\"? | H8: =K8 -> sarap | I8: morphological_extraction_reduplicated_root_extraction_00006 | J8: masasarap | K8: sarap | L8: sa | M8: partial | N8: adjective_pluralizer | O8: 2a
A9: morphological_extraction | B9: reduplicated_root_extraction | C9: =M9 -> partial | D9: =N9 -> adjective_pluralizer | F9: ="What is the root word of the word " & "\" & """" &J9 & "\" & """" & "?" -> What is the root word of the word \"masisikip\"? | G9: ="Ano ang salitang-ugat ng salitang " & "\" & """" &J9 & "\" & """" & "?" -> Ano ang salitang-ugat ng salitang \"masisikip\"? | H9: =K9 -> sikip | I9: morphological_extraction_reduplicated_root_extraction_00007 | J9: masisikip | K9: sikip | L9: si | M9: partial | N9: adjective_pluralizer | O9: 2a
A10: morphological_extraction | B10: reduplicated_root_extraction | C10: =M10 -> partial | D10: =N10 -> adjective_pluralizer | F10: ="What is the root word of the word " & "\" & """" &J10 & "\" & """" & "?" -> What is the root word of the word \"maluluwag\"? | G10: ="Ano ang salitang-ugat ng salitang " & "\" & """" &J10 & "\" & """" & "?" -> Ano ang salitang-ugat ng salitang \"maluluwag\"? | H10: =K10 -> luwag | I10: morphological_extraction_reduplicated_root_extraction_00008 | J10: maluluwag | K10: luwag | L10: lu | M10: partial | N10: adjective_pluralizer | O10: 2a
A11: morphological_extraction | B11: reduplicated_root_extraction | C11: =M11 -> partial | D11: =N11 -> adjective_pluralizer | F11: ="What is the root word of the word " & "\" & """" &J11 & "\" & """" & "?" -> What is the root word of the word \"matitingkad\"? | G11: ="Ano ang salitang-ugat ng salitang " & "\" & """" &J11 & "\" & """" & "?" -> Ano ang salitang-ugat ng salitang \"matitingkad\"? | H11: =K11 -> tingkad | I11: morphological_extraction_reduplicated_root_extraction_00009 | J11: matitingkad | K11: tingkad | L11: ti | M11: partial | N11: adjective_pluralizer | O11: 2a
A12: morphological_extraction | B12: reduplicated_root_extraction | C12: =M12 -> partial | D12: =N12 -> adjective_pluralizer | F12: ="What is the root word of the word " & "\" & """" &J12 & "\" & """" & "?" -> What is the root word of the word \"mapupusyaw\"? | G12: ="Ano ang salitang-ugat ng salitang " & "\" & """" &J12 & "\" & """" & "?" -> Ano ang salitang-ugat ng salitang \"mapupusyaw\"? | H12: =K12 -> pusyaw | I12: morphological_extraction_reduplicated_root_extraction_00010 | J12: mapupusyaw | K12: pusyaw | L12: pu | M12: partial | N12: adjective_pluralizer | O12: 2a
A13: morphological_extraction | B13: reduplicated_root_extraction | C13: =M13 -> partial | D13: =N13 -> adjective_equality | F13: ="What is the root word of the word " & "\" & """" &J13 & "\" & """" & "?" -> What is the root word of the word \"magkakasinglaki\"? | G13: ="Ano ang salitang-ugat ng salitang " & "\" & """" &J13 & "\" & """" & "?" -> Ano ang salitang-ugat ng salitang \"magkakasinglaki\"? | H13: =K13 -> laki | I13: morphological_extraction_reduplicated_root_extraction_00011 | J13: magkakasinglaki | K13: laki | L13: ka | M13: partial | N13: adjective_equality | O13: 2b
A14: morphological_extraction | B14: reduplicated_root_extraction | C14: =M14 -> partial | D14: =N14 -> adjective_equality | F14: ="What is the root word of the word " & "\" & """" &J14 & "\" & """" & "?" -> What is the root word of the word \"magkakasinghaba\"? | G14: ="Ano ang salitang-ugat ng salitang " & "\" & """" &J14 & "\" & """" & "?" -> Ano ang salitang-ugat ng salitang \"magkakasinghaba\"? | H14: =K14 -> haba | I14: morphological_extraction_reduplicated_root_extraction_00012 | J14: magkakasinghaba | K14: haba | L14: ka | M14: partial | N14: adjective_equality | O14: 2b
... A36: morphological_extraction | B36: reduplicated_root_extraction | C36: =M36 -> partial | D36: =N36 -> noun_relationship | F36: ="What is the root word of the word " & "\" & """" &J36 & "\" & """" & "?" -> What is the root word of the word \"magkukumare\"? | G36: ="Ano ang salitang-ugat ng salitang " & "\" & """" &J36 & "\" & """" & "?" -> Ano ang salitang-ugat ng salitang \"magkukumare\"? | H36: =K36 -> kumare | I36: morphological_extraction_reduplicated_root_extraction_00034 | J36: magkukumare | K36: kumare | L36: ku | M36: partial | N36: noun_relationship | O36: 2d
A37: morphological_extraction | B37: reduplicated_root_extraction | C37: =M37 -> partial | D37: =N37 -> numeral_restrictive | F37: ="What is the root word of the word " & "\" & """" &J37 & "\" & """" & "?" -> What is the root word of the word \"iisa\"? | G37: ="Ano ang salitang-ugat ng salitang " & "\" & """" &J37 & "\" & """" & "?" -> Ano ang salitang-ugat ng salitang \"iisa\"? | H37: =K37 -> isa | I37: morphological_extraction_reduplicated_root_extraction_00035 | J37: iisa | K37: isa | L37: i | M37: partial | N37: numeral_restrictive | O37: 2f | P37: yes
A38: morphological_extraction | B38: reduplicated_root_extraction | C38: =M38 -> partial | D38: =N38 -> numeral_restrictive | F38: ="What is the root word of the word " & "\" & """" &J38 & "\" & """" & "?" -> What is the root word of the word \"titigalawa\"? | G38: ="Ano ang salitang-ugat ng salitang " & "\" & """" &J38 & "\" & """" & "?" -> Ano ang salitang-ugat ng salitang \"titigalawa\"? | H38: =K38 -> dalawa | I38: morphological_extraction_reduplicated_root_extraction_00036 | J38: titigalawa | K38: dalawa | L38: ti | M38: partial | N38: numeral_restrictive | O38: 2f
A39: morphological_extraction | B39: reduplicated_root_extraction | C39: =M39 -> partial | D39: =N39 -> numeral_restrictive | F39: ="What is the root word of the word " & "\" & """" &J39 & "\" & """" & "?" -> What is the root word of the word \"miminsan\"? | G39: ="Ano ang salitang-ugat ng salitang " & "\" & """" &J39 & "\" & """" & "?" -> Ano ang salitang-ugat ng salitang \"miminsan\"? | H39: =K39 -> minsan | I39: morphological_extraction_reduplicated_root_extraction_00037 | J39: miminsan | K39: minsan | L39: mi | M39: partial | N39: numeral_restrictive | O39: 2f | P39: yes
A40: morphological_extraction | B40: reduplicated_root_extraction | C40: =M40 -> partial | D40: =N40 -> numeral_restrictive | F40: ="What is the root word of the word " & "\" & """" &J40 & "\" & """" & "?" -> What is the root word of the word \"pipiso\"? | G40: ="Ano ang salitang-ugat ng salitang " & "\" & """" &J40 & "\" & """" & "?" -> Ano ang salitang-ugat ng salitang \"pipiso\"? | H40: =K40 -> piso | I40: morphological_extraction_reduplicated_root_extraction_00038 | J40: pipiso | K40: piso | L40: pi | M40: partial | N40: numeral_restrictive | O40: 2f | P40: yes
A41: morphological_extraction | B41: reduplicated_root_extraction | C41: =M41 -> partial | D41: =N41 -> numeral_restrictive | F41: ="What is the root word of the word " & "\" & """" &J41 & "\" & """" & "?" -> What is the root word of the word \"tigte-tres\"? | G41: ="Ano ang salitang-ugat ng salitang " & "\" & """" &J41 & "\" & """" & "?" -> Ano ang salitang-ugat ng salitang \"tigte-tres\"? | H41: =K41 -> tres | I41: morphological_extraction_reduplicated_root_extraction_00039 | J41: tigte-tres | K41: tres | L41: te | M41: partial | N41: numeral_restrictive | O41: 2f
A42: morphological_extraction | B42: reduplicated_root_extraction | C42: =M42 -> partial | D42: =N42 -> numeral_restrictive | F42: ="What is the root word of the word " & "\" & """" &J42 & "\" & """" & "?" -> What is the root word of the word \"sasampu\"? | G42: ="Ano ang salitang-ugat ng salitang " & "\" & """" &J42 & "\" & """" & "?" -> Ano ang salitang-ugat ng salitang \"sasampu\"? | H42: =K42 -> sampu | I42: morphological_extraction_reduplicated_root_extraction_00040 | J42: sasampu | K42: sampu | L42: sa | M42: partial | N42: numeral_restrictive | O42: 2f | P42: yes
